2026-08-20 23:27:00,2026-08-21 00:27:00,India,Total emissions,162180.984375,prediction
2026-08-20 23:27:00,2026-08-21 01:27:00,India,Total emissions,162143.125,prediction
2026-08-20 23:27:00,2026-08-21 02:27:00,India,Total emissions,162065.8125,prediction
2026-08-20 23:27:00,2026-08-21 03:27:00,India,Total emissions,162225.96875,prediction
2026-08-20 23:27:00,2026-08-21 04:27:00,India,Total emissions,162268.1875,prediction
2026-08-20 23:27:00,2026-08-21 05:27:00,India,Total emissions,162051.796875,prediction
2026-08-20 23:27:00,2026-08-21 06:27:00,India,Total emissions,162259.25,prediction
2026-08-20 23:27:00,2026-08-21 07:27:00,India,Total emissions,162223.28125,prediction
2026-08-20 23:27:00,2026-08-21 08:27:00,India,Total emissions,162085.984375,prediction
2026-08-20 23:27:00,2026-08-21 09:27:00,India,Total emissions,162169.28125,prediction
2026-08-20 23:27:00,2026-08-21 10:27:00,India,Total emissions,162031.46875,prediction
2026-08-20 23:27:00,2026-08-21 11:27:00,India,Total emissions,162054.921875,prediction
2026-08-20 23:27:00,2026-08-21 12:27:00,India,Total emissions,161889.765625,prediction
2026-08-20 23:27:00,2026-08-21 13:27:00,India,Total emissions,162125.828125,prediction
2026-08-20 23:27:00,2026-08-21 14:27:00,India,Total emissions,161961.609375,prediction
2026-08-20 23:27:00,2026-08-21 15:27:00,India,Total emissions,162246.21875,prediction
2026-08-20 23:27:00,2026-08-21 16:27:00,India,Total emissions,162228.828125,prediction
2026-08-20 23:27:00,2026-08-21 17:27:00,India,Total emissions,162052.953125,prediction
2026-08-20 23:27:00,2026-08-21 18:27:00,India,Total emissions,161701.59375,prediction
2026-08-20 23:27:00,2026-08-21 19:27:00,India,Total emissions,162053.03125,prediction
2026-08-20 23:27:00,2026-08-21 20:27:00,India,Total emissions,161984.4375,prediction
2026-08-20 23:27:00,2026-08-21 21:27:00,India,Total emissions,162157.109375,prediction
2026-08-20 23:27:00,2026-08-21 22:27:00,India,Total emissions,162395.328125,prediction
2026-08-20 23:27:00,2026-08-21 23:27:00,India,Total emissions,161817.625,prediction
2026-08-20 23:27:00,2026-08-21 00:27:00,India,Total emissions,162180.984375,prediction
2026-08-20 23:27:00,2026-08-21 01:27:00,India,Total emissions,162143.125,prediction
2026-08-20 23:27:00,2026-08-21 02:27:00,India,Total emissions,162065.8125,prediction
2026-08-20 23:27:00,2026-08-21 03:27:00,India,Total emissions,162225.96875,prediction
2026-08-20 23:27:00,2026-08-21 04:27:00,India,Total emissions,162268.1875,prediction
2026-08-20 23:27:00,2026-08-21 05:27:00,India,Total emissions,162051.796875,prediction
2026-08-20 23:27:00,2026-08-21 06:27:00,India,Total emissions,162259.25,prediction
2026-08-20 23:27:00,2026-08-21 07:27:00,India,Total emissions,162223.28125,prediction
2026-08-20 23:27:00,2026-08-21 08:27:00,India,Total emissions,162085.984375,prediction
2026-08-20 23:27:00,2026-08-21 09:27:00,India,Total emissions,162169.28125,prediction
2026-08-20 23:27:00,2026-08-21 10:27:00,India,Total emissions,162031.46875,prediction
2026-08-20 23:27:00,2026-08-21 11:27:00,India,Total emissions,162054.921875,prediction
2026-08-20 23:27:00,2026-08-21 12:27:00,India,Total emissions,161889.765625,prediction
2026-08-20 23:27:00,2026-08-21 13:27:00,India,Total emissions,162125.828125,prediction
2026-08-20 23:27:00,2026-08-21 14:27:00,India,Total emissions,161961.609375,prediction
2026-08-20 23:27:00,2026-08-21 15:27:00,India,Total emissions,162246.21875,prediction
2026-08-20 23:27:00,2026-08-21 16:27:00,India,Total emissions,162228.828125,prediction
2026-08-20 23:27:00,2026-08-21 17:27:00,India,Total emissions,162052.953125,prediction
2026-08-20 23:27:00,2026-08-21 18:27:00,India,Total emissions,161701.59375,prediction
2026-08-20 23:27:00,2026-08-21 19:27:00,India,Total emissions,162053.03125,prediction
2026-08-20 23:27:00,2026-08-21 20:27:00,India,Total emissions,161984.4375,prediction
2026-08-20 23:27:00,2026-08-21 21:27:00,India,Total emissions,162157.109375,prediction
2026-08-20 23:27:00,2026-08-21 22:27:00,India,Total emissions,162395.328125,prediction
2026-08-20 23:27:00,2026-08-21 23:27:00,India,Total emissions,161817.625,prediction
2026-08-20 23:27:00,2026-08-21 00:27:00,India,Total emissions,162180.984375,prediction
2026-08-20 23:27:00,2026-08-21 01:27:00,India,Total emissions,162143.125,prediction
2026-08-20 23:27:00,2026-08-21 02:27:00,India,Total emissions,162065.8125,prediction
2026-08-20 23:27:00,2026-08-21 03:27:00,India,Total emissions,162225.96875,prediction
2026-08-20 23:27:00,2026-08-21 04:27:00,India,Total emissions,162268.1875,prediction
2026-08-20 23:27:00,2026-08-21 05:27:00,India,Total emissions,162051.796875,prediction
2026-08-20 23:27:00,2026-08-21 06:27:00,India,Total emissions,162259.25,prediction
2026-08-20 23:27:00,2026-08-21 07:27:00,India,Total emissions,162223.28125,prediction
2026-08-20 23:27:00,2026-08-21 08:27:00,India,Total emissions,162085.984375,prediction
2026-08-20 23:27:00,2026-08-21 09:27:00,India,Total emissions,162169.28125,prediction
2026-08-20 23:27:00,2026-08-21 10:27:00,India,Total emissions,162031.46875,prediction
2026-08-20 23:27:00,2026-08-21 11:27:00,India,Total emissions,162054.921875,prediction
2026-08-20 23:27:00,2026-08-21 12:27:00,India,Total emissions,161889.765625,prediction
2026-08-20 23:27:00,2026-08-21 13:27:00,India,Total emissions,162125.828125,prediction
2026-08-20 23:27:00,2026-08-21 14:27:00,India,Total emissions,161961.609375,prediction
2026-08-20 23:27:00,2026-08-21 15:27:00,India,Total emissions,162246.21875,prediction
2026-08-20 23:27:00,2026-08-21 16:27:00,India,Total emissions,162228.828125,prediction
2026-08-20 23:27:00,2026-08-21 17:27:00,India,Total emissions,162052.953125,prediction
2026-08-20 23:27:00,2026-08-21 18:27:00,India,Total emissions,161701.59375,prediction
2026-08-20 23:27:00,2026-08-21 19:27:00,India,Total emissions,162053.03125,prediction
2026-08-20 23:27:00,2026-08-21 20:27:00,India,Total emissions,161984.4375,prediction
2026-08-20 23:27:00,2026-08-21 21:27:00,India,Total emissions,162157.109375,prediction
2026-08-20 23:27:00,2026-08-21 22:27:00,India,Total emissions,162395.328125,prediction
2026-08-20 23:27:00,2026-08-21 23:27:00,India,Total emissions,161817.625,prediction
2026-08-20 23:29:00,2026-08-21 00:29:00,India,Total emissions,162180.984375,prediction
2026-08-20 23:29:00,2026-08-21 01:29:00,India,Total emissions,162143.125,prediction
2026-08-20 23:29:00,2026-08-21 02:29:00,India,Total emissions,162065.8125,prediction
2026-08-20 23:29:00,2026-08-21 03:29:00,India,Total emissions,162225.96875,prediction
2026-08-20 23:29:00,2026-08-21 04:29:00,India,Total emissions,162268.1875,prediction
2026-08-20 23:29:00,2026-08-21 05:29:00,India,Total emissions,162051.796875,prediction
2026-08-20 23:29:00,2026-08-21 06:29:00,India,Total emissions,162259.25,prediction
2026-08-20 23:29:00,2026-08-21 07:29:00,India,Total emissions,162223.28125,prediction
2026-08-20 23:29:00,2026-08-21 08:29:00,India,Total emissions,162085.984375,prediction
2026-08-20 23:29:00,2026-08-21 09:29:00,India,Total emissions,162169.28125,prediction
2026-08-20 23:29:00,2026-08-21 10:29:00,India,Total emissions,162031.46875,prediction
2026-08-20 23:29:00,2026-08-21 11:29:00,India,Total emissions,162054.921875,prediction
2026-08-20 23:29:00,2026-08-21 12:29:00,India,Total emissions,161889.765625,prediction
2026-08-20 23:29:00,2026-08-21 13:29:00,India,Total emissions,162125.828125,prediction
2026-08-20 23:29:00,2026-08-21 14:29:00,India,Total emissions,161961.609375,prediction
2026-08-20 23:29:00,2026-08-21 15:29:00,India,Total emissions,162246.21875,prediction
2026-08-20 23:29:00,2026-08-21 16:29:00,India,Total emissions,162228.828125,prediction
2026-08-20 23:29:00,2026-08-21 17:29:00,India,Total emissions,162052.953125,prediction
2026-08-20 23:29:00,2026-08-21 18:29:00,India,Total emissions,161701.59375,prediction
2026-08-20 23:29:00,2026-08-21 19:29:00,India,Total emissions,162053.03125,prediction
2026-08-20 23:29:00,2026-08-21 20:29:00,India,Total emissions,161984.4375,prediction
2026-08-20 23:29:00,2026-08-21 21:29:00,India,Total emissions,162157.109375,prediction
2026-08-20 23:29:00,2026-08-21 22:29:00,India,Total emissions,162395.328125,prediction
2026-08-20 23:29:00,2026-08-21 23:29:00,India,Total emissions,161817.625,prediction
2026-08-20 23:29:00,2026-08-21 00:29:00,India,Total emissions,162180.984375,prediction
2026-08-20 23:29:00,2026-08-21 01:29:00,India,Total emissions,162143.125,prediction
2026-08-20 23:29:00,2026-08-21 02:29:00,India,Total emissions,162065.8125,prediction
2026-08-20 23:29:00,2026-08-21 03:29:00,India,Total emissions,162225.96875,prediction
2026-08-20 23:29:00,2026-08-21 04:29:00,India,Total emissions,162268.1875,prediction
2026-08-20 23:29:00,2026-08-21 05:29:00,India,Total emissions,162051.796875,prediction
2026-08-20 23:29:00,2026-08-21 06:29:00,India,Total emissions,162259.25,prediction
2026-08-20 23:29:00,2026-08-21 07:29:00,India,Total emissions,162223.28125,prediction
2026-08-20 23:29:00,2026-08-21 08:29:00,India,Total emissions,162085.984375,prediction
2026-08-20 23:29:00,2026-08-21 09:29:00,India,Total emissions,162169.28125,prediction
2026-08-20 23:29:00,2026-08-21 10:29:00,India,Total emissions,162031.46875,prediction
2026-08-20 23:29:00,2026-08-21 11:29:00,India,Total emissions,162054.921875,prediction
2026-08-20 23:29:00,2026-08-21 12:29:00,India,Total emissions,161889.765625,prediction
2026-08-20 23:29:00,2026-08-21 13:29:00,India,Total emissions,162125.828125,prediction
2026-08-20 23:29:00,2026-08-21 14:29:00,India,Total emissions,161961.609375,prediction
2026-08-20 23:29:00,2026-08-21 15:29:00,India,Total emissions,162246.21875,prediction
2026-08-20 23:29:00,2026-08-21 16:29:00,India,Total emissions,162228.828125,prediction
2026-08-20 23:29:00,2026-08-21 17:29:00,India,Total emissions,162052.953125,prediction
2026-08-20 23:29:00,2026-08-21 18:29:00,India,Total emissions,161701.59375,prediction
2026-08-20 23:29:00,2026-08-21 19:29:00,India,Total emissions,162053.03125,prediction
2026-08-20 23:29:00,2026-08-21 20:29:00,India,Total emissions,161984.4375,prediction
2026-08-20 23:29:00,2026-08-21 21:29:00,India,Total emissions,162157.109375,prediction
2026-08-20 23:29:00,2026-08-21 22:29:00,India,Total emissions,162395.328125,prediction
2026-08-20 23:29:00,2026-08-21 23:29:00,India,Total emissions,161817.625,prediction
2026-08-20 23:29:00,2026-08-21 00:29:00,India,Total emissions,162180.984375,prediction
2026-08-20 23:29:00,2026-08-21 01:29:00,India,Total emissions,162143.125,prediction
2026-08-20 23:29:00,2026-08-21 02:29:00,India,Total emissions,162065.8125,prediction
2026-08-20 23:29:00,2026-08-21 03:29:00,India,Total emissions,162225.96875,prediction
2026-08-20 23:29:00,2026-08-21 04:29:00,India,Total emissions,162268.1875,prediction
2026-08-20 23:29:00,2026-08-21 05:29:00,India,Total emissions,162051.796875,prediction
2026-08-20 23:29:00,2026-08-21 06:29:00,India,Total emissions,162259.25,prediction
2026-08-20 23:29:00,2026-08-21 07:29:00,India,Total emissions,162223.28125,prediction
2026-08-20 23:29:00,2026-08-21 08:29:00,India,Total emissions,162085.984375,prediction
2026-08-20 23:29:00,2026-08-21 09:29:00,India,Total emissions,162169.28125,prediction
2026-08-20 23:29:00,2026-08-21 10:29:00,India,Total emissions,162031.46875,prediction
2026-08-20 23:29:00,2026-08-21 11:29:00,India,Total emissions,162054.921875,prediction
2026-08-20 23:29:00,2026-08-21 12:29:00,India,Total emissions,161889.765625,prediction
2026-08-20 23:29:00,2026-08-21 13:29:00,India,Total emissions,162125.828125,prediction
2026-08-20 23:29:00,2026-08-21 14:29:00,India,Total emissions,161961.609375,prediction
2026-08-20 23:29:00,2026-08-21 15:29:00,India,Total emissions,162246.21875,prediction
2026-08-20 23:29:00,2026-08-21 16:29:00,India,Total emissions,162228.828125,prediction
2026-08-20 23:29:00,2026-08-21 17:29:00,India,Total emissions,162052.953125,prediction
2026-08-20 23:29:00,2026-08-21 18:29:00,India,Total emissions,161701.59375,prediction
2026-08-20 23:29:00,2026-08-21 19:29:00,India,Total emissions,162053.03125,prediction
2026-08-20 23:29:00,2026-08-21 20:29:00,India,Total emissions,161984.4375,prediction
2026-08-20 23:29:00,2026-08-21 21:29:00,India,Total emissions,162157.109375,prediction
2026-08-20 23:29:00,2026-08-21 22:29:00,India,Total emissions,162395.328125,prediction
2026-08-20 23:29:00,2026-08-21 23:29:00,India,Total emissions,161817.625,prediction
2026-08-20 23:30:00,2026-08-21 00:30:00,India,Total emissions,162180.984375,prediction
2026-08-20 23:30:00,2026-08-21 01:30:00,India,Total emissions,162143.125,prediction
2026-08-20 23:30:00,2026-08-21 02:30:00,India,Total emissions,162065.8125,prediction
2026-08-20 23:30:00,2026-08-21 03:30:00,India,Total emissions,162225.96875,prediction
2026-08-20 23:30:00,2026-08-21 04:30:00,India,Total emissions,162268.1875,prediction
2026-08-20 23:30:00,2026-08-21 05:30:00,India,Total emissions,162051.796875,prediction
2026-08-20 23:30:00,2026-08-21 06:30:00,India,Total emissions,162259.25,prediction
2026-08-20 23:30:00,2026-08-21 07:30:00,India,Total emissions,162223.28125,prediction
2026-08-20 23:30:00,2026-08-21 08:30:00,India,Total emissions,162085.984375,prediction
2026-08-20 23:30:00,2026-08-21 09:30:00,India,Total emissions,162169.28125,prediction
2026-08-20 23:30:00,2026-08-21 10:30:00,India,Total emissions,162031.46875,prediction
2026-08-20 23:30:00,2026-08-21 11:30:00,India,Total emissions,162054.921875,prediction
2026-08-20 23:30:00,2026-08-21 12:30:00,India,Total emissions,161889.765625,prediction
2026-08-20 23:30:00,2026-08-21 13:30:00,India,Total emissions,162125.828125,prediction
2026-08-20 23:30:00,2026-08-21 14:30:00,India,Total emissions,161961.609375,prediction
2026-08-20 23:30:00,2026-08-21 15:30:00,India,Total emissions,162246.21875,prediction
2026-08-20 23:30:00,2026-08-21 16:30:00,India,Total emissions,162228.828125,prediction
2026-08-20 23:30:00,2026-08-21 17:30:00,India,Total emissions,162052.953125,prediction
2026-08-20 23:30:00,2026-08-21 18:30:00,India,Total emissions,161701.59375,prediction
2026-08-20 23:30:00,2026-08-21 19:30:00,India,Total emissions,162053.03125,prediction
2026-08-20 23:30:00,2026-08-21 20:30:00,India,Total emissions,161984.4375,prediction
2026-08-20 23:30:00,2026-08-21 21:30:00,India,Total emissions,162157.109375,prediction
2026-08-20 23:30:00,2026-08-21 22:30:00,India,Total emissions,162395.328125,prediction
2026-08-20 23:30:00,2026-08-21 23:30:00,India,Total emissions,161817.625,prediction
2026-08-20 23:30:00,2026-08-21 00:30:00,India,Total emissions,162180.984375,prediction
2026-08-20 23:30:00,2026-08-21 01:30:00,India,Total emissions,162143.125,prediction
2026-08-20 23:30:00,2026-08-21 02:30:00,India,Total emissions,162065.8125,prediction
2026-08-20 23:30:00,2026-08-21 03:30:00,India,Total emissions,162225.96875,prediction
2026-08-20 23:30:00,2026-08-21 04:30:00,India,Total emissions,162268.1875,prediction
2026-08-20 23:30:00,2026-08-21 05:30:00,India,Total emissions,162051.796875,prediction
2026-08-20 23:30:00,2026-08-21 06:30:00,India,Total emissions,162259.25,prediction
2026-08-20 23:30:00,2026-08-21 07:30:00,India,Total emissions,162223.28125,prediction
2026-08-20 23:30:00,2026-08-21 08:30:00,India,Total emissions,162085.984375,prediction
2026-08-20 23:30:00,2026-08-21 09:30:00,India,Total emissions,162169.28125,prediction
2026-08-20 23:30:00,2026-08-21 10:30:00,India,Total emissions,162031.46875,prediction
2026-08-20 23:30:00,2026-08-21 11:30:00,India,Total emissions,162054.921875,prediction
2026-08-20 23:30:00,2026-08-21 12:30:00,India,Total emissions,161889.765625,prediction
2026-08-20 23:30:00,2026-08-21 13:30:00,India,Total emissions,162125.828125,prediction
2026-08-20 23:30:00,2026-08-21 14:30:00,India,Total emissions,161961.609375,prediction
2026-08-20 23:30:00,2026-08-21 15:30:00,India,Total emissions,162246.21875,prediction
2026-08-20 23:30:00,2026-08-21 16:30:00,India,Total emissions,162228.828125,prediction
2026-08-20 23:30:00,2026-08-21 17:30:00,India,Total emissions,162052.953125,prediction
2026-08-20 23:30:00,2026-08-21 18:30:00,India,Total emissions,161701.59375,prediction
2026-08-20 23:30:00,2026-08-21 19:30:00,India,Total emissions,162053.03125,prediction
2026-08-20 23:30:00,2026-08-21 20:30:00,India,Total emissions,161984.4375,prediction
2026-08-20 23:30:00,2026-08-21 21:30:00,India,Total emissions,162157.109375,prediction
2026-08-20 23:30:00,2026-08-21 22:30:00,India,Total emissions,162395.328125,prediction
2026-08-20 23:30:00,2026-08-21 23:30:00,India,Total emissions,161817.625,prediction
2026-08-20 23:30:00,2026-08-21 00:30:00,India,Total emissions,162180.984375,prediction
2026-08-20 23:30:00,2026-08-21 01:30:00,India,Total emissions,162143.125,prediction
2026-08-20 23:30:00,2026-08-21 02:30:00,India,Total emissions,162065.8125,prediction
2026-08-20 23:30:00,2026-08-21 03:30:00,India,Total emissions,162225.96875,prediction
2026-08-20 23:30:00,2026-08-21 04:30:00,India,Total emissions,162268.1875,prediction
2026-08-20 23:30:00,2026-08-21 05:30:00,India,Total emissions,162051.796875,prediction
2026-08-20 23:30:00,2026-08-21 06:30:00,India,Total emissions,162259.25,prediction
2026-08-20 23:30:00,2026-08-21 07:30:00,India,Total emissions,162223.28125,prediction
2026-08-20 23:30:00,2026-08-21 08:30:00,India,Total emissions,162085.984375,prediction
2026-08-20 23:30:00,2026-08-21 09:30:00,India,Total emissions,162169.28125,prediction
2026-08-20 23:30:00,2026-08-21 10:30:00,India,Total emissions,162031.46875,prediction
2026-08-20 23:30:00,2026-08-21 11:30:00,India,Total emissions,162054.921875,prediction
2026-08-20 23:30:00,2026-08-21 12:30:00,India,Total emissions,161889.765625,prediction
2026-08-20 23:30:00,2026-08-21 13:30:00,India,Total emissions,162125.828125,prediction
2026-08-20 23:30:00,2026-08-21 14:30:00,India,Total emissions,161961.609375,prediction
2026-08-20 23:30:00,2026-08-21 15:30:00,India,Total emissions,162246.21875,prediction
2026-08-20 23:30:00,2026-08-21 16:30:00,India,Total emissions,162228.828125,prediction
2026-08-20 23:30:00,2026-08-21 17:30:00,India,Total emissions,162052.953125,prediction
2026-08-20 23:30:00,2026-08-21 18:30:00,India,Total emissions,161701.59375,prediction
2026-08-20 23:30:00,2026-08-21 19:30:00,India,Total emissions,162053.03125,prediction
2026-08-20 23:30:00,2026-08-21 20:30:00,India,Total emissions,161984.4375,prediction
2026-08-20 23:30:00,2026-08-21 21:30:00,India,Total emissions,162157.109375,prediction
2026-08-20 23:30:00,2026-08-21 22:30:00,India,Total emissions,162395.328125,prediction
2026-08-20 23:30:00,2026-08-21 23:30:00,India,Total emissions,161817.625,prediction
2026-08-20 23:31:00,2026-08-21 00:31:00,India,Total emissions,162180.984375,prediction
2026-08-20 23:31:00,2026-08-21 01:31:00,India,Total emissions,162143.125,prediction
2026-08-20 23:31:00,2026-08-21 02:31:00,India,Total emissions,162065.8125,prediction
2026-08-20 23:31:00,2026-08-21 03:31:00,India,Total emissions,162225.96875,prediction
2026-08-20 23:31:00,2026-08-21 04:31:00,India,Total emissions,162268.1875,prediction
2026-08-20 23:31:00,2026-08-21 05:31:00,India,Total emissions,162051.796875,prediction
2026-08-20 23:31:00,2026-08-21 06:31:00,India,Total emissions,162259.25,prediction
2026-08-20 23:31:00,2026-08-21 07:31:00,India,Total emissions,162223.28125,prediction
2026-08-20 23:31:00,2026-08-21 08:31:00,India,Total emissions,162085.984375,prediction
2026-08-20 23:31:00,2026-08-21 09:31:00,India,Total emissions,162169.28125,prediction
2026-08-20 23:31:00,2026-08-21 10:31:00,India,Total emissions,162031.46875,prediction
2026-08-20 23:31:00,2026-08-21 11:31:00,India,Total emissions,162054.921875,prediction
2026-08-20 23:31:00,2026-08-21 12:31:00,India,Total emissions,161889.765625,prediction
2026-08-20 23:31:00,2026-08-21 13:31:00,India,Total emissions,162125.828125,prediction
2026-08-20 23:31:00,2026-08-21 14:31:00,India,Total emissions,161961.609375,prediction
2026-08-20 23:31:00,2026-08-21 15:31:00,India,Total emissions,162246.21875,prediction
2026-08-20 23:31:00,2026-08-21 16:31:00,India,Total emissions,162228.828125,prediction
2026-08-20 23:31:00,2026-08-21 17:31:00,India,Total emissions,162052.953125,prediction
2026-08-20 23:31:00,2026-08-21 18:31:00,India,Total emissions,161701.59375,prediction
2026-08-20 23:31:00,2026-08-21 19:31:00,India,Total emissions,162053.03125,prediction
2026-08-20 23:31:00,2026-08-21 20:31:00,India,Total emissions,161984.4375,prediction
2026-08-20 23:31:00,2026-08-21 21:31:00,India,Total emissions,162157.109375,prediction
2026-08-20 23:31:00,2026-08-21 22:31:00,India,Total emissions,162395.328125,prediction
2026-08-20 23:31:00,2026-08-21 23:31:00,India,Total emissions,161817.625,prediction
2026-08-20 23:31:00,2026-08-21 00:31:00,India,Total emissions,162180.984375,prediction
2026-08-20 23:31:00,2026-08-21 01:31:00,India,Total emissions,162143.125,prediction
2026-08-20 23:31:00,2026-08-21 02:31:00,India,Total emissions,162065.8125,prediction
2026-08-20 23:31:00,2026-08-21 03:31:00,India,Total emissions,162225.96875,prediction
2026-08-20 23:31:00,2026-08-21 04:31:00,India,Total emissions,162268.1875,prediction
2026-08-20 23:31:00,2026-08-21 05:31:00,India,Total emissions,162051.796875,prediction
2026-08-20 23:31:00,2026-08-21 06:31:00,India,Total emissions,162259.25,prediction
2026-08-20 23:31:00,2026-08-21 07:31:00,India,Total emissions,162223.28125,prediction
2026-08-20 23:31:00,2026-08-21 08:31:00,India,Total emissions,162085.984375,prediction
2026-08-20 23:31:00,2026-08-21 09:31:00,India,Total emissions,162169.28125,prediction
2026-08-20 23:31:00,2026-08-21 10:31:00,India,Total emissions,162031.46875,prediction
2026-08-20 23:31:00,2026-08-21 11:31:00,India,Total emissions,162054.921875,prediction
2026-08-20 23:31:00,2026-08-21 12:31:00,India,Total emissions,161889.765625,prediction
2026-08-20 23:31:00,2026-08-21 13:31:00,India,Total emissions,162125.828125,prediction
2026-08-20 23:31:00,2026-08-21 14:31:00,India,Total emissions,161961.609375,prediction
2026-08-20 23:31:00,2026-08-21 15:31:00,India,Total emissions,162246.21875,prediction
2026-08-20 23:31:00,2026-08-21 16:31:00,India,Total emissions,162228.828125,prediction
2026-08-20 23:31:00,2026-08-21 17:31:00,India,Total emissions,162052.953125,prediction
2026-08-20 23:31:00,2026-08-21 18:31:00,India,Total emissions,161701.59375,prediction
2026-08-20 23:31:00,2026-08-21 19:31:00,India,Total emissions,162053.03125,prediction
2026-08-20 23:31:00,2026-08-21 20:31:00,India,Total emissions,161984.4375,prediction
2026-08-20 23:31:00,2026-08-21 21:31:00,India,Total emissions,162157.109375,prediction
2026-08-20 23:31:00,2026-08-21 22:31:00,India,Total emissions,162395.328125,prediction
2026-08-20 23:31:00,2026-08-21 23:31:00,India,Total emissions,161817.625,prediction
2026-08-20 23:32:00,2026-08-21 00:32:00,India,Total emissions,162180.984375,prediction
2026-08-20 23:32:00,2026-08-21 01:32:00,India,Total emissions,162143.125,prediction
2026-08-20 23:32:00,2026-08-21 02:32:00,India,Total emissions,162065.8125,prediction
2026-08-20 23:32:00,2026-08-21 03:32:00,India,Total emissions,162225.96875,prediction
2026-08-20 23:32:00,2026-08-21 04:32:00,India,Total emissions,162268.1875,prediction
2026-08-20 23:32:00,2026-08-21 05:32:00,India,Total emissions,162051.796875,prediction
2026-08-20 23:32:00,2026-08-21 06:32:00,India,Total emissions,162259.25,prediction
2026-08-20 23:32:00,2026-08-21 07:32:00,India,Total emissions,162223.28125,prediction
2026-08-20 23:32:00,2026-08-21 08:32:00,India,Total emissions,162085.984375,prediction
2026-08-20 23:32:00,2026-08-21 09:32:00,India,Total emissions,162169.28125,prediction
2026-08-20 23:32:00,2026-08-21 10:32:00,India,Total emissions,162031.46875,prediction
2026-08-20 23:32:00,2026-08-21 11:32:00,India,Total emissions,162054.921875,prediction
2026-08-20 23:32:00,2026-08-21 12:32:00,India,Total emissions,161889.765625,prediction
2026-08-20 23:32:00,2026-08-21 13:32:00,India,Total emissions,162125.828125,prediction
2026-08-20 23:32:00,2026-08-21 14:32:00,India,Total emissions,161961.609375,prediction
2026-08-20 23:32:00,2026-08-21 15:32:00,India,Total emissions,162246.21875,prediction
2026-08-20 23:32:00,2026-08-21 16:32:00,India,Total emissions,162228.828125,prediction
2026-08-20 23:32:00,2026-08-21 17:32:00,India,Total emissions,162052.953125,prediction
2026-08-20 23:32:00,2026-08-21 18:32:00,India,Total emissions,161701.59375,prediction
2026-08-20 23:32:00,2026-08-21 19:32:00,India,Total emissions,162053.03125,prediction
2026-08-20 23:32:00,2026-08-21 20:32:00,India,Total emissions,161984.4375,prediction
2026-08-20 23:32:00,2026-08-21 21:32:00,India,Total emissions,162157.109375,prediction
2026-08-20 23:32:00,2026-08-21 22:32:00,India,Total emissions,162395.328125,prediction
2026-08-20 23:32:00,2026-08-21 23:32:00,India,Total emissions,161817.625,prediction
2026-08-20 23:32:00,2026-08-21 00:32:00,India,Total emissions,162180.984375,prediction
2026-08-20 23:32:00,2026-08-21 01:32:00,India,Total emissions,162143.125,prediction
2026-08-20 23:32:00,2026-08-21 02:32:00,India,Total emissions,162065.8125,prediction
2026-08-20 23:32:00,2026-08-21 03:32:00,India,Total emissions,162225.96875,prediction
2026-08-20 23:32:00,2026-08-21 04:32:00,India,Total emissions,162268.1875,prediction
2026-08-20 23:32:00,2026-08-21 05:32:00,India,Total emissions,162051.796875,prediction
2026-08-20 23:32:00,2026-08-21 06:32:00,India,Total emissions,162259.25,prediction
2026-08-20 23:32:00,2026-08-21 07:32:00,India,Total emissions,162223.28125,prediction
2026-08-20 23:32:00,2026-08-21 08:32:00,India,Total emissions,162085.984375,prediction
2026-08-20 23:32:00,2026-08-21 09:32:00,India,Total emissions,162169.28125,prediction
2026-08-20 23:32:00,2026-08-21 10:32:00,India,Total emissions,162031.46875,prediction
2026-08-20 23:32:00,2026-08-21 11:32:00,India,Total emissions,162054.921875,prediction
2026-08-20 23:32:00,2026-08-21 12:32:00,India,Total emissions,161889.765625,prediction
2026-08-20 23:32:00,2026-08-21 13:32:00,India,Total emissions,162125.828125,prediction
2026-08-20 23:32:00,2026-08-21 14:32:00,India,Total emissions,161961.609375,prediction
2026-08-20 23:32:00,2026-08-21 15:32:00,India,Total emissions,162246.21875,prediction
2026-08-20 23:32:00,2026-08-21 16:32:00,India,Total emissions,162228.828125,prediction
2026-08-20 23:32:00,2026-08-21 17:32:00,India,Total emissions,162052.953125,prediction
2026-08-20 23:32:00,2026-08-21 18:32:00,India,Total emissions,161701.59375,prediction
2026-08-20 23:32:00,2026-08-21 19:32:00,India,Total emissions,162053.03125,prediction
2026-08-20 23:32:00,2026-08-21 20:32:00,India,Total emissions,161984.4375,prediction
2026-08-20 23:32:00,2026-08-21 21:32:00,India,Total emissions,162157.109375,prediction
2026-08-20 23:32:00,2026-08-21 22:32:00,India,Total emissions,162395.328125,prediction
2026-08-20 23:32:00,2026-08-21 23:32:00,India,Total emissions,161817.625,prediction
2026-08-20 23:32:00,2026-08-21 00:32:00,India,Total emissions,162180.984375,prediction
2026-08-20 23:32:00,2026-08-21 01:32:00,India,Total emissions,162143.125,prediction
2026-08-20 23:32:00,2026-08-21 02:32:00,India,Total emissions,162065.8125,prediction
2026-08-20 23:32:00,2026-08-21 03:32:00,India,Total emissions,162225.96875,prediction
2026-08-20 23:32:00,2026-08-21 04:32:00,India,Total emissions,162268.1875,prediction
2026-08-20 23:32:00,2026-08-21 05:32:00,India,Total emissions,162051.796875,prediction
2026-08-20 23:32:00,2026-08-21 06:32:00,India,Total emissions,162259.25,prediction
2026-08-20 23:32:00,2026-08-21 07:32:00,India,Total emissions,162223.28125,prediction
2026-08-20 23:32:00,2026-08-21 08:32:00,India,Total emissions,162085.984375,prediction
2026-08-20 23:32:00,2026-08-21 09:32:00,India,Total emissions,162169.28125,prediction
2026-08-20 23:32:00,2026-08-21 10:32:00,India,Total emissions,162031.46875,prediction
2026-08-20 23:32:00,2026-08-21 11:32:00,India,Total emissions,162054.921875,prediction
2026-08-20 23:32:00,2026-08-21 12:32:00,India,Total emissions,161889.765625,prediction
2026-08-20 23:32:00,2026-08-21 13:32:00,India,Total emissions,162125.828125,prediction
2026-08-20 23:32:00,2026-08-21 14:32:00,India,Total emissions,161961.609375,prediction
2026-08-20 23:32:00,2026-08-21 15:32:00,India,Total emissions,162246.21875,prediction
2026-08-20 23:32:00,2026-08-21 16:32:00,India,Total emissions,162228.828125,prediction
2026-08-20 23:32:00,2026-08-21 17:32:00,India,Total emissions,162052.953125,prediction
2026-08-20 23:32:00,2026-08-21 18:32:00,India,Total emissions,161701.59375,prediction
2026-08-20 23:32:00,2026-08-21 19:32:00,India,Total emissions,162053.03125,prediction
2026-08-20 23:32:00,2026-08-21 20:32:00,India,Total emissions,161984.4375,prediction
2026-08-20 23:32:00,2026-08-21 21:32:00,India,Total emissions,162157.109375,prediction
2026-08-20 23:32:00,2026-08-21 22:32:00,India,Total emissions,162395.328125,prediction
2026-08-20 23:32:00,2026-08-21 23:32:00,India,Total emissions,161817.625,prediction
2026-08-20 23:32:00,2026-08-21 00:32:00,India,Total emissions,162180.984375,prediction
2026-08-20 23:32:00,2026-08-21 01:32:00,India,Total emissions,162143.125,prediction
2026-08-20 23:32:00,2026-08-21 02:32:00,India,Total emissions,162065.8125,prediction
2026-08-20 23:32:00,2026-08-21 03:32:00,India,Total emissions,162225.96875,prediction
2026-08-20 23:32:00,2026-08-21 04:32:00,India,Total emissions,162268.1875,prediction
2026-08-20 23:32:00,2026-08-21 05:32:00,India,Total emissions,162051.796875,prediction
2026-08-20 23:32:00,2026-08-21 06:32:00,India,Total emissions,162259.25,prediction
2026-08-20 23:32:00,2026-08-21 07:32:00,India,Total emissions,162223.28125,prediction
2026-08-20 23:32:00,2026-08-21 08:32:00,India,Total emissions,162085.984375,prediction
2026-08-20 23:32:00,2026-08-21 09:32:00,India,Total emissions,162169.28125,prediction
2026-08-20 23:32:00,2026-08-21 10:32:00,India,Total emissions,162031.46875,prediction
2026-08-20 23:32:00,2026-08-21 11:32:00,India,Total emissions,162054.921875,prediction
2026-08-20 23:32:00,2026-08-21 12:32:00,India,Total emissions,161889.765625,prediction
2026-08-20 23:32:00,2026-08-21 13:32:00,India,Total emissions,162125.828125,prediction
2026-08-20 23:32:00,2026-08-21 14:32:00,India,Total emissions,161961.609375,prediction
2026-08-20 23:32:00,2026-08-21 15:32:00,India,Total emissions,162246.21875,prediction
2026-08-20 23:32:00,2026-08-21 16:32:00,India,Total emissions,162228.828125,prediction
2026-08-20 23:32:00,2026-08-21 17:32:00,India,Total emissions,162052.953125,prediction
2026-08-20 23:32:00,2026-08-21 18:32:00,India,Total emissions,161701.59375,prediction
2026-08-20 23:32:00,2026-08-21 19:32:00,India,Total emissions,162053.03125,prediction
2026-08-20 23:32:00,2026-08-21 20:32:00,India,Total emissions,161984.4375,prediction
2026-08-20 23:32:00,2026-08-21 21:32:00,India,Total emissions,162157.109375,prediction
2026-08-20 23:32:00,2026-08-21 22:32:00,India,Total emissions,162395.328125,prediction
2026-08-20 23:32:00,2026-08-21 23:32:00,India,Total emissions,161817.625,prediction
2026-08-20 23:33:00,2026-08-21 00:33:00,India,Total emissions,162180.984375,prediction
2026-08-20 23:33:00,2026-08-21 01:33:00,India,Total emissions,162143.125,prediction
2026-08-20 23:33:00,2026-08-21 02:33:00,India,Total emissions,162065.8125,prediction
2026-08-20 23:33:00,2026-08-21 03:33:00,India,Total emissions,162225.96875,prediction
2026-08-20 23:33:00,2026-08-21 04:33:00,India,Total emissions,162268.1875,prediction
2026-08-20 23:33:00,2026-08-21 05:33:00,India,Total emissions,162051.796875,prediction
2026-08-20 23:33:00,2026-08-21 06:33:00,India,Total emissions,162259.25,prediction
2026-08-20 23:33:00,2026-08-21 07:33:00,India,Total emissions,162223.28125,prediction
2026-08-20 23:33:00,2026-08-21 08:33:00,India,Total emissions,162085.984375,prediction
2026-08-20 23:33:00,2026-08-21 09:33:00,India,Total emissions,162169.28125,prediction
2026-08-20 23:33:00,2026-08-21 10:33:00,India,Total emissions,162031.46875,prediction
2026-08-20 23:33:00,2026-08-21 11:33:00,India,Total emissions,162054.921875,prediction
2026-08-20 23:33:00,2026-08-21 12:33:00,India,Total emissions,161889.765625,prediction
2026-08-20 23:33:00,2026-08-21 13:33:00,India,Total emissions,162125.828125,prediction
2026-08-20 23:33:00,2026-08-21 14:33:00,India,Total emissions,161961.609375,prediction
2026-08-20 23:33:00,2026-08-21 15:33:00,India,Total emissions,162246.21875,prediction
2026-08-20 23:33:00,2026-08-21 16:33:00,India,Total emissions,162228.828125,prediction
2026-08-20 23:33:00,2026-08-21 17:33:00,India,Total emissions,162052.953125,prediction
2026-08-20 23:33:00,2026-08-21 18:33:00,India,Total emissions,161701.59375,prediction
2026-08-20 23:33:00,2026-08-21 19:33:00,India,Total emissions,162053.03125,prediction
2026-08-20 23:33:00,2026-08-21 20:33:00,India,Total emissions,161984.4375,prediction
2026-08-20 23:33:00,2026-08-21 21:33:00,India,Total emissions,162157.109375,prediction
2026-08-20 23:33:00,2026-08-21 22:33:00,India,Total emissions,162395.328125,prediction
2026-08-20 23:33:00,2026-08-21 23:33:00,India,Total emissions,161817.625,prediction
2026-08-20 23:33:00,2026-08-21 00:33:00,India,Total emissions,162180.984375,prediction
2026-08-20 23:33:00,2026-08-21 01:33:00,India,Total emissions,162143.125,prediction
2026-08-20 23:33:00,2026-08-21 02:33:00,India,Total emissions,162065.8125,prediction
2026-08-20 23:33:00,2026-08-21 03:33:00,India,Total emissions,162225.96875,prediction
2026-08-20 23:33:00,2026-08-21 04:33:00,India,Total emissions,162268.1875,prediction
2026-08-20 23:33:00,2026-08-21 05:33:00,India,Total emissions,162051.796875,prediction
2026-08-20 23:33:00,2026-08-21 06:33:00,India,Total emissions,162259.25,prediction
2026-08-20 23:33:00,2026-08-21 07:33:00,India,Total emissions,162223.28125,prediction
2026-08-20 23:33:00,2026-08-21 08:33:00,India,Total emissions,162085.984375,prediction
2026-08-20 23:33:00,2026-08-21 09:33:00,India,Total emissions,162169.28125,prediction
2026-08-20 23:33:00,2026-08-21 10:33:00,India,Total emissions,162031.46875,prediction
2026-08-20 23:33:00,2026-08-21 11:33:00,India,Total emissions,162054.921875,prediction
2026-08-20 23:33:00,2026-08-21 12:33:00,India,Total emissions,161889.765625,prediction
2026-08-20 23:33:00,2026-08-21 13:33:00,India,Total emissions,162125.828125,prediction
2026-08-20 23:33:00,2026-08-21 14:33:00,India,Total emissions,161961.609375,prediction
2026-08-20 23:33:00,2026-08-21 15:33:00,India,Total emissions,162246.21875,prediction
2026-08-20 23:33:00,2026-08-21 16:33:00,India,Total emissions,162228.828125,prediction
2026-08-20 23:33:00,2026-08-21 17:33:00,India,Total emissions,162052.953125,prediction
2026-08-20 23:33:00,2026-08-21 18:33:00,India,Total emissions,161701.59375,prediction
2026-08-20 23:33:00,2026-08-21 19:33:00,India,Total emissions,162053.03125,prediction
2026-08-20 23:33:00,2026-08-21 20:33:00,India,Total emissions,161984.4375,prediction
2026-08-20 23:33:00,2026-08-21 21:33:00,India,Total emissions,162157.109375,prediction
2026-08-20 23:33:00,2026-08-21 22:33:00,India,Total emissions,162395.328125,prediction
2026-08-20 23:33:00,2026-08-21 23:33:00,India,Total emissions,161817.625,prediction
2026-08-20 23:33:00,2026-08-21 00:33:00,India,Total emissions,162180.984375,prediction
2026-08-20 23:33:00,2026-08-21 01:33:00,India,Total emissions,162143.125,prediction
2026-08-20 23:33:00,2026-08-21 02:33:00,India,Total emissions,162065.8125,prediction
2026-08-20 23:33:00,2026-08-21 03:33:00,India,Total emissions,162225.96875,prediction
2026-08-20 23:33:00,2026-08-21 04:33:00,India,Total emissions,162268.1875,prediction
2026-08-20 23:33:00,2026-08-21 05:33:00,India,Total emissions,162051.796875,prediction
2026-08-20 23:33:00,2026-08-21 06:33:00,India,Total emissions,162259.25,prediction
2026-08-20 23:33:00,2026-08-21 07:33:00,India,Total emissions,162223.28125,prediction
2026-08-20 23:33:00,2026-08-21 08:33:00,India,Total emissions,162085.984375,prediction
2026-08-20 23:33:00,2026-08-21 09:33:00,India,Total emissions,162169.28125,prediction
2026-08-20 23:33:00,2026-08-21 10:33:00,India,Total emissions,162031.46875,prediction
2026-08-20 23:33:00,2026-08-21 11:33:00,India,Total emissions,162054.921875,prediction
2026-08-20 23:33:00,2026-08-21 12:33:00,India,Total emissions,161889.765625,prediction
2026-08-20 23:33:00,2026-08-21 13:33:00,India,Total emissions,162125.828125,prediction
2026-08-20 23:33:00,2026-08-21 14:33:00,India,Total emissions,161961.609375,prediction
2026-08-20 23:33:00,2026-08-21 15:33:00,India,Total emissions,162246.21875,prediction
2026-08-20 23:33:00,2026-08-21 16:33:00,India,Total emissions,162228.828125,prediction
2026-08-20 23:33:00,2026-08-21 17:33:00,India,Total emissions,162052.953125,prediction
2026-08-20 23:33:00,2026-08-21 18:33:00,India,Total emissions,161701.59375,prediction
2026-08-20 23:33:00,2026-08-21 19:33:00,India,Total emissions,162053.03125,prediction
2026-08-20 23:33:00,2026-08-21 20:33:00,India,Total emissions,161984.4375,prediction
2026-08-20 23:33:00,2026-08-21 21:33:00,India,Total emissions,162157.109375,prediction
2026-08-20 23:33:00,2026-08-21 22:33:00,India,Total emissions,162395.328125,prediction
2026-08-20 23:33:00,2026-08-21 23:33:00,India,Total emissions,161817.625,prediction
2026-08-20 23:35:00,2026-08-21 00:35:00,India,Total emissions,162180.984375,prediction
2026-08-20 23:35:00,2026-08-21 01:35:00,India,Total emissions,162143.125,prediction
2026-08-20 23:35:00,2026-08-21 02:35:00,India,Total emissions,162065.8125,prediction
2026-08-20 23:35:00,2026-08-21 03:35:00,India,Total emissions,162225.96875,prediction
2026-08-20 23:35:00,2026-08-21 04:35:00,India,Total emissions,162268.1875,prediction
2026-08-20 23:35:00,2026-08-21 05:35:00,India,Total emissions,162051.796875,prediction
2026-08-20 23:35:00,2026-08-21 06:35:00,India,Total emissions,162259.25,prediction
2026-08-20 23:35:00,2026-08-21 07:35:00,India,Total emissions,162223.28125,prediction
2026-08-20 23:35:00,2026-08-21 08:35:00,India,Total emissions,162085.984375,prediction
2026-08-20 23:35:00,2026-08-21 09:35:00,India,Total emissions,162169.28125,prediction
2026-08-20 23:35:00,2026-08-21 10:35:00,India,Total emissions,162031.46875,prediction
2026-08-20 23:35:00,2026-08-21 11:35:00,India,Total emissions,162054.921875,prediction
2026-08-20 23:35:00,2026-08-21 12:35:00,India,Total emissions,161889.765625,prediction
2026-08-20 23:35:00,2026-08-21 13:35:00,India,Total emissions,162125.828125,prediction
2026-08-20 23:35:00,2026-08-21 14:35:00,India,Total emissions,161961.609375,prediction
2026-08-20 23:35:00,2026-08-21 15:35:00,India,Total emissions,162246.21875,prediction
2026-08-20 23:35:00,2026-08-21 16:35:00,India,Total emissions,162228.828125,prediction
2026-08-20 23:35:00,2026-08-21 17:35:00,India,Total emissions,162052.953125,prediction
2026-08-20 23:35:00,2026-08-21 18:35:00,India,Total emissions,161701.59375,prediction
2026-08-20 23:35:00,2026-08-21 19:35:00,India,Total emissions,162053.03125,prediction
2026-08-20 23:35:00,2026-08-21 20:35:00,India,Total emissions,161984.4375,prediction
2026-08-20 23:35:00,2026-08-21 21:35:00,India,Total emissions,162157.109375,prediction
2026-08-20 23:35:00,2026-08-21 22:35:00,India,Total emissions,162395.328125,prediction
2026-08-20 23:35:00,2026-08-21 23:35:00,India,Total emissions,161817.625,prediction
2026-08-20 23:35:00,2026-08-21 00:35:00,India,Total emissions,162180.984375,prediction
2026-08-20 23:35:00,2026-08-21 01:35:00,India,Total emissions,162143.125,prediction
2026-08-20 23:35:00,2026-08-21 02:35:00,India,Total emissions,162065.8125,prediction
2026-08-20 23:35:00,2026-08-21 03:35:00,India,Total emissions,162225.96875,prediction
2026-08-20 23:35:00,2026-08-21 04:35:00,India,Total emissions,162268.1875,prediction
2026-08-20 23:35:00,2026-08-21 05:35:00,India,Total emissions,162051.796875,prediction
2026-08-20 23:35:00,2026-08-21 06:35:00,India,Total emissions,162259.25,prediction
2026-08-20 23:35:00,2026-08-21 07:35:00,India,Total emissions,162223.28125,prediction
2026-08-20 23:35:00,2026-08-21 08:35:00,India,Total emissions,162085.984375,prediction
2026-08-20 23:35:00,2026-08-21 09:35:00,India,Total emissions,162169.28125,prediction
2026-08-20 23:35:00,2026-08-21 10:35:00,India,Total emissions,162031.46875,prediction
2026-08-20 23:35:00,2026-08-21 11:35:00,India,Total emissions,162054.921875,prediction
2026-08-20 23:35:00,2026-08-21 12:35:00,India,Total emissions,161889.765625,prediction
2026-08-20 23:35:00,2026-08-21 13:35:00,India,Total emissions,162125.828125,prediction
2026-08-20 23:35:00,2026-08-21 14:35:00,India,Total emissions,161961.609375,prediction
2026-08-20 23:35:00,2026-08-21 15:35:00,India,Total emissions,162246.21875,prediction
2026-08-20 23:35:00,2026-08-21 16:35:00,India,Total emissions,162228.828125,prediction
2026-08-20 23:35:00,2026-08-21 17:35:00,India,Total emissions,162052.953125,prediction
2026-08-20 23:35:00,2026-08-21 18:35:00,India,Total emissions,161701.59375,prediction
2026-08-20 23:35:00,2026-08-21 19:35:00,India,Total emissions,162053.03125,prediction
2026-08-20 23:35:00,2026-08-21 20:35:00,India,Total emissions,161984.4375,prediction
2026-08-20 23:35:00,2026-08-21 21:35:00,India,Total emissions,162157.109375,prediction
2026-08-20 23:35:00,2026-08-21 22:35:00,India,Total emissions,162395.328125,prediction
2026-08-20 23:35:00,2026-08-21 23:35:00,India,Total emissions,161817.625,prediction
2026-08-20 23:35:00,2026-08-21 00:35:00,India,Total emissions,162180.984375,prediction
2026-08-20 23:35:00,2026-08-21 01:35:00,India,Total emissions,162143.125,prediction
2026-08-20 23:35:00,2026-08-21 02:35:00,India,Total emissions,162065.8125,prediction
2026-08-20 23:35:00,2026-08-21 03:35:00,India,Total emissions,162225.96875,prediction
2026-08-20 23:35:00,2026-08-21 04:35:00,India,Total emissions,162268.1875,prediction
2026-08-20 23:35:00,2026-08-21 05:35:00,India,Total emissions,162051.796875,prediction
2026-08-20 23:35:00,2026-08-21 06:35:00,India,Total emissions,162259.25,prediction
2026-08-20 23:35:00,2026-08-21 07:35:00,India,Total emissions,162223.28125,prediction
2026-08-20 23:35:00,2026-08-21 08:35:00,India,Total emissions,162085.984375,prediction
2026-08-20 23:35:00,2026-08-21 09:35:00,India,Total emissions,162169.28125,prediction
2026-08-20 23:35:00,2026-08-21 10:35:00,India,Total emissions,162031.46875,prediction
2026-08-20 23:35:00,2026-08-21 11:35:00,India,Total emissions,162054.921875,prediction
2026-08-20 23:35:00,2026-08-21 12:35:00,India,Total emissions,161889.765625,prediction
2026-08-20 23:35:00,2026-08-21 13:35:00,India,Total emissions,162125.828125,prediction
2026-08-20 23:35:00,2026-08-21 14:35:00,India,Total emissions,161961.609375,prediction
2026-08-20 23:35:00,2026-08-21 15:35:00,India,Total emissions,162246.21875,prediction
2026-08-20 23:35:00,2026-08-21 16:35:00,India,Total emissions,162228.828125,prediction
2026-08-20 23:35:00,2026-08-21 17:35:00,India,Total emissions,162052.953125,prediction
2026-08-20 23:35:00,2026-08-21 18:35:00,India,Total emissions,161701.59375,prediction
2026-08-20 23:35:00,2026-08-21 19:35:00,India,Total emissions,162053.03125,prediction
2026-08-20 23:35:00,2026-08-21 20:35:00,India,Total emissions,161984.4375,prediction
2026-08-20 23:35:00,2026-08-21 21:35:00,India,Total emissions,162157.109375,prediction
2026-08-20 23:35:00,2026-08-21 22:35:00,India,Total emissions,162395.328125,prediction
2026-08-20 23:35:00,2026-08-21 23:35:00,India,Total emissions,161817.625,prediction
2026-08-20 23:35:00,2026-08-21 00:35:00,India,Total emissions,162180.984375,prediction
2026-08-20 23:35:00,2026-08-21 01:35:00,India,Total emissions,162143.125,prediction
2026-08-20 23:35:00,2026-08-21 02:35:00,India,Total emissions,162065.8125,prediction
2026-08-20 23:35:00,2026-08-21 03:35:00,India,Total emissions,162225.96875,prediction
2026-08-20 23:35:00,2026-08-21 04:35:00,India,Total emissions,162268.1875,prediction
2026-08-20 23:35:00,2026-08-21 05:35:00,India,Total emissions,162051.796875,prediction
2026-08-20 23:35:00,2026-08-21 06:35:00,India,Total emissions,162259.25,prediction
2026-08-20 23:35:00,2026-08-21 07:35:00,India,Total emissions,162223.28125,prediction
2026-08-20 23:35:00,2026-08-21 08:35:00,India,Total emissions,162085.984375,prediction
2026-08-20 23:35:00,2026-08-21 09:35:00,India,Total emissions,162169.28125,prediction
2026-08-20 23:35:00,2026-08-21 10:35:00,India,Total emissions,162031.46875,prediction
2026-08-20 23:35:00,2026-08-21 11:35:00,India,Total emissions,162054.921875,prediction
2026-08-20 23:35:00,2026-08-21 12:35:00,India,Total emissions,161889.765625,prediction
2026-08-20 23:35:00,2026-08-21 13:35:00,India,Total emissions,162125.828125,prediction
2026-08-20 23:35:00,2026-08-21 14:35:00,India,Total emissions,161961.609375,prediction
2026-08-20 23:35:00,2026-08-21 15:35:00,India,Total emissions,162246.21875,prediction
2026-08-20 23:35:00,2026-08-21 16:35:00,India,Total emissions,162228.828125,prediction
2026-08-20 23:35:00,2026-08-21 17:35:00,India,Total emissions,162052.953125,prediction
2026-08-20 23:35:00,2026-08-21 18:35:00,India,Total emissions,161701.59375,prediction
2026-08-20 23:35:00,2026-08-21 19:35:00,India,Total emissions,162053.03125,prediction
2026-08-20 23:35:00,2026-08-21 20:35:00,India,Total emissions,161984.4375,prediction
2026-08-20 23:35:00,2026-08-21 21:35:00,India,Total emissions,162157.109375,prediction
2026-08-20 23:35:00,2026-08-21 22:35:00,India,Total emissions,162395.328125,prediction
2026-08-20 23:35:00,2026-08-21 23:35:00,India,Total emissions,161817.625,prediction
2026-08-20 23:35:00,2026-08-21 00:35:00,India,Total emissions,162180.984375,prediction
2026-08-20 23:35:00,2026-08-21 01:35:00,India,Total emissions,162143.125,prediction
2026-08-20 23:35:00,2026-08-21 02:35:00,India,Total emissions,162065.8125,prediction
2026-08-20 23:35:00,2026-08-21 03:35:00,India,Total emissions,162225.96875,prediction
2026-08-20 23:35:00,2026-08-21 04:35:00,India,Total emissions,162268.1875,prediction
2026-08-20 23:35:00,2026-08-21 05:35:00,India,Total emissions,162051.796875,prediction
2026-08-20 23:35:00,2026-08-21 06:35:00,India,Total emissions,162259.25,prediction
2026-08-20 23:35:00,2026-08-21 07:35:00,India,Total emissions,162223.28125,prediction
2026-08-20 23:35:00,2026-08-21 08:35:00,India,Total emissions,162085.984375,prediction
2026-08-20 23:35:00,2026-08-21 09:35:00,India,Total emissions,162169.28125,prediction
2026-08-20 23:35:00,2026-08-21 10:35:00,India,Total emissions,162031.46875,prediction
2026-08-20 23:35:00,2026-08-21 11:35:00,India,Total emissions,162054.921875,prediction
2026-08-20 23:35:00,2026-08-21 12:35:00,India,Total emissions,161889.765625,prediction
2026-08-20 23:35:00,2026-08-21 13:35:00,India,Total emissions,162125.828125,prediction
2026-08-20 23:35:00,2026-08-21 14:35:00,India,Total emissions,161961.609375,prediction
2026-08-20 23:35:00,2026-08-21 15:35:00,India,Total emissions,162246.21875,prediction
2026-08-20 23:35:00,2026-08-21 16:35:00,India,Total emissions,162228.828125,prediction
2026-08-20 23:35:00,2026-08-21 17:35:00,India,Total emissions,162052.953125,prediction
2026-08-20 23:35:00,2026-08-21 18:35:00,India,Total emissions,161701.59375,prediction
2026-08-20 23:35:00,2026-08-21 19:35:00,India,Total emissions,162053.03125,prediction
2026-08-20 23:35:00,2026-08-21 20:35:00,India,Total emissions,161984.4375,prediction
2026-08-20 23:35:00,2026-08-21 21:35:00,India,Total emissions,162157.109375,prediction
2026-08-20 23:35:00,2026-08-21 22:35:00,India,Total emissions,162395.328125,prediction
2026-08-20 23:35:00,2026-08-21 23:35:00,India,Total emissions,161817.625,prediction
2026-08-20 23:35:00,2026-08-21 00:35:00,India,Total emissions,162180.984375,prediction
2026-08-20 23:35:00,2026-08-21 01:35:00,India,Total emissions,162143.125,prediction
2026-08-20 23:35:00,2026-08-21 02:35:00,India,Total emissions,162065.8125,prediction
2026-08-20 23:35:00,2026-08-21 03:35:00,India,Total emissions,162225.96875,prediction
2026-08-20 23:35:00,2026-08-21 04:35:00,India,Total emissions,162268.1875,prediction
2026-08-20 23:35:00,2026-08-21 05:35:00,India,Total emissions,162051.796875,prediction
2026-08-20 23:35:00,2026-08-21 06:35:00,India,Total emissions,162259.25,prediction
2026-08-20 23:35:00,2026-08-21 07:35:00,India,Total emissions,162223.28125,prediction
2026-08-20 23:35:00,2026-08-21 08:35:00,India,Total emissions,162085.984375,prediction
2026-08-20 23:35:00,2026-08-21 09:35:00,India,Total emissions,162169.28125,prediction
2026-08-20 23:35:00,2026-08-21 10:35:00,India,Total emissions,162031.46875,prediction
2026-08-20 23:35:00,2026-08-21 11:35:00,India,Total emissions,162054.921875,prediction
2026-08-20 23:35:00,2026-08-21 12:35:00,India,Total emissions,161889.765625,prediction
2026-08-20 23:35:00,2026-08-21 13:35:00,India,Total emissions,162125.828125,prediction
2026-08-20 23:35:00,2026-08-21 14:35:00,India,Total emissions,161961.609375,prediction
2026-08-20 23:35:00,2026-08-21 15:35:00,India,Total emissions,162246.21875,prediction
2026-08-20 23:35:00,2026-08-21 16:35:00,India,Total emissions,162228.828125,prediction
2026-08-20 23:35:00,2026-08-21 17:35:00,India,Total emissions,162052.953125,prediction
2026-08-20 23:35:00,2026-08-21 18:35:00,India,Total emissions,161701.59375,prediction
2026-08-20 23:35:00,2026-08-21 19:35:00,India,Total emissions,162053.03125,prediction
2026-08-20 23:35:00,2026-08-21 20:35:00,India,Total emissions,161984.4375,prediction
2026-08-20 23:35:00,2026-08-21 21:35:00,India,Total emissions,162157.109375,prediction
2026-08-20 23:35:00,2026-08-21 22:35:00,India,Total emissions,162395.328125,prediction
2026-08-20 23:35:00,2026-08-21 23:35:00,India,Total emissions,161817.625,prediction
2026-08-20 23:35:00,2026-08-21 00:35:00,India,Total emissions,162180.984375,prediction
2026-08-20 23:35:00,2026-08-21 01:35:00,India,Total emissions,162143.125,prediction
2026-08-20 23:35:00,2026-08-21 02:35:00,India,Total emissions,162065.8125,prediction
2026-08-20 23:35:00,2026-08-21 03:35:00,India,Total emissions,162225.96875,prediction
2026-08-20 23:35:00,2026-08-21 04:35:00,India,Total emissions,162268.1875,prediction
2026-08-20 23:35:00,2026-08-21 05:35:00,India,Total emissions,162051.796875,prediction
2026-08-20 23:35:00,2026-08-21 06:35:00,India,Total emissions,162259.25,prediction
2026-08-20 23:35:00,2026-08-21 07:35:00,India,Total emissions,162223.28125,prediction
2026-08-20 23:35:00,2026-08-21 08:35:00,India,Total emissions,162085.984375,prediction
2026-08-20 23:35:00,2026-08-21 09:35:00,India,Total emissions,162169.28125,prediction
2026-08-20 23:35:00,2026-08-21 10:35:00,India,Total emissions,162031.46875,prediction
2026-08-20 23:35:00,2026-08-21 11:35:00,India,Total emissions,162054.921875,prediction
2026-08-20 23:35:00,2026-08-21 12:35:00,India,Total emissions,161889.765625,prediction
2026-08-20 23:35:00,2026-08-21 13:35:00,India,Total emissions,162125.828125,prediction
2026-08-20 23:35:00,2026-08-21 14:35:00,India,Total emissions,161961.609375,prediction
2026-08-20 23:35:00,2026-08-21 15:35:00,India,Total emissions,162246.21875,prediction
2026-08-20 23:35:00,2026-08-21 16:35:00,India,Total emissions,162228.828125,prediction
2026-08-20 23:35:00,2026-08-21 17:35:00,India,Total emissions,162052.953125,prediction
2026-08-20 23:35:00,2026-08-21 18:35:00,India,Total emissions,161701.59375,prediction
2026-08-20 23:35:00,2026-08-21 19:35:00,India,Total emissions,162053.03125,prediction
2026-08-20 23:35:00,2026-08-21 20:35:00,India,Total emissions,161984.4375,prediction
2026-08-20 23:35:00,2026-08-21 21:35:00,India,Total emissions,162157.109375,prediction
2026-08-20 23:35:00,2026-08-21 22:35:00,India,Total emissions,162395.328125,prediction
2026-08-20 23:35:00,2026-08-21 23:35:00,India,Total emissions,161817.625,prediction
2026-08-20 23:35:00,2026-08-21 00:35:00,India,Total emissions,162180.984375,prediction
2026-08-20 23:35:00,2026-08-21 01:35:00,India,Total emissions,162143.125,prediction
2026-08-20 23:35:00,2026-08-21 02:35:00,India,Total emissions,162065.8125,prediction
2026-08-20 23:35:00,2026-08-21 03:35:00,India,Total emissions,162225.96875,prediction
2026-08-20 23:35:00,2026-08-21 04:35:00,India,Total emissions,162268.1875,prediction
2026-08-20 23:35:00,2026-08-21 05:35:00,India,Total emissions,162051.796875,prediction
2026-08-20 23:35:00,2026-08-21 06:35:00,India,Total emissions,162259.25,prediction
2026-08-20 23:35:00,2026-08-21 07:35:00,India,Total emissions,162223.28125,prediction
2026-08-20 23:35:00,2026-08-21 08:35:00,India,Total emissions,162085.984375,prediction
2026-08-20 23:35:00,2026-08-21 09:35:00,India,Total emissions,162169.28125,prediction
2026-08-20 23:35:00,2026-08-21 10:35:00,India,Total emissions,162031.46875,prediction
2026-08-20 23:35:00,2026-08-21 11:35:00,India,Total emissions,162054.921875,prediction
2026-08-20 23:35:00,2026-08-21 12:35:00,India,Total emissions,161889.765625,prediction
2026-08-20 23:35:00,2026-08-21 13:35:00,India,Total emissions,162125.828125,prediction
2026-08-20 23:35:00,2026-08-21 14:35:00,India,Total emissions,161961.609375,prediction
2026-08-20 23:35:00,2026-08-21 15:35:00,India,Total emissions,162246.21875,prediction
2026-08-20 23:35:00,2026-08-21 16:35:00,India,Total emissions,162228.828125,prediction
2026-08-20 23:35:00,2026-08-21 17:35:00,India,Total emissions,162052.953125,prediction
2026-08-20 23:35:00,2026-08-21 18:35:00,India,Total emissions,161701.59375,prediction
2026-08-20 23:35:00,2026-08-21 19:35:00,India,Total emissions,162053.03125,prediction
2026-08-20 23:35:00,2026-08-21 20:35:00,India,Total emissions,161984.4375,prediction
2026-08-20 23:35:00,2026-08-21 21:35:00,India,Total emissions,162157.109375,prediction
2026-08-20 23:35:00,2026-08-21 22:35:00,India,Total emissions,162395.328125,prediction
2026-08-20 23:35:00,2026-08-21 23:35:00,India,Total emissions,161817.625,prediction
2026-08-20 23:35:00,2026-08-21 00:35:00,India,Total emissions,162180.984375,prediction
2026-08-20 23:35:00,2026-08-21 01:35:00,India,Total emissions,162143.125,prediction
2026-08-20 23:35:00,2026-08-21 02:35:00,India,Total emissions,162065.8125,prediction
2026-08-20 23:35:00,2026-08-21 03:35:00,India,Total emissions,162225.96875,prediction
2026-08-20 23:35:00,2026-08-21 04:35:00,India,Total emissions,162268.1875,prediction
2026-08-20 23:35:00,2026-08-21 05:35:00,India,Total emissions,162051.796875,prediction
2026-08-20 23:35:00,2026-08-21 06:35:00,India,Total emissions,162259.25,prediction
2026-08-20 23:35:00,2026-08-21 07:35:00,India,Total emissions,162223.28125,prediction
2026-08-20 23:35:00,2026-08-21 08:35:00,India,Total emissions,162085.984375,prediction
2026-08-20 23:35:00,2026-08-21 09:35:00,India,Total emissions,162169.28125,prediction
2026-08-20 23:35:00,2026-08-21 10:35:00,India,Total emissions,162031.46875,prediction
2026-08-20 23:35:00,2026-08-21 11:35:00,India,Total emissions,162054.921875,prediction
2026-08-20 23:35:00,2026-08-21 12:35:00,India,Total emissions,161889.765625,prediction
2026-08-20 23:35:00,2026-08-21 13:35:00,India,Total emissions,162125.828125,prediction
2026-08-20 23:35:00,2026-08-21 14:35:00,India,Total emissions,161961.609375,prediction
2026-08-20 23:35:00,2026-08-21 15:35:00,India,Total emissions,162246.21875,prediction
2026-08-20 23:35:00,2026-08-21 16:35:00,India,Total emissions,162228.828125,prediction
2026-08-20 23:35:00,2026-08-21 17:35:00,India,Total emissions,162052.953125,prediction
2026-08-20 23:35:00,2026-08-21 18:35:00,India,Total emissions,161701.59375,prediction
2026-08-20 23:35:00,2026-08-21 19:35:00,India,Total emissions,162053.03125,prediction
2026-08-20 23:35:00,2026-08-21 20:35:00,India,Total emissions,161984.4375,prediction
2026-08-20 23:35:00,2026-08-21 21:35:00,India,Total emissions,162157.109375,prediction
2026-08-20 23:35:00,2026-08-21 22:35:00,India,Total emissions,162395.328125,prediction
2026-08-20 23:35:00,2026-08-21 23:35:00,India,Total emissions,161817.625,prediction
2026-08-20 23:35:00,2026-08-21 00:35:00,India,Total emissions,162180.984375,prediction
2026-08-20 23:35:00,2026-08-21 01:35:00,India,Total emissions,162143.125,prediction
2026-08-20 23:35:00,2026-08-21 02:35:00,India,Total emissions,162065.8125,prediction
2026-08-20 23:35:00,2026-08-21 03:35:00,India,Total emissions,162225.96875,prediction
2026-08-20 23:35:00,2026-08-21 04:35:00,India,Total emissions,162268.1875,prediction
2026-08-20 23:35:00,2026-08-21 05:35:00,India,Total emissions,162051.796875,prediction
2026-08-20 23:35:00,2026-08-21 06:35:00,India,Total emissions,162259.25,prediction
2026-08-20 23:35:00,2026-08-21 07:35:00,India,Total emissions,162223.28125,prediction
2026-08-20 23:35:00,2026-08-21 08:35:00,India,Total emissions,162085.984375,prediction
2026-08-20 23:35:00,2026-08-21 09:35:00,India,Total emissions,162169.28125,prediction
2026-08-20 23:35:00,2026-08-21 10:35:00,India,Total emissions,162031.46875,prediction
2026-08-20 23:35:00,2026-08-21 11:35:00,India,Total emissions,162054.921875,prediction
2026-08-20 23:35:00,2026-08-21 12:35:00,India,Total emissions,161889.765625,prediction
2026-08-20 23:35:00,2026-08-21 13:35:00,India,Total emissions,162125.828125,prediction
2026-08-20 23:35:00,2026-08-21 14:35:00,India,Total emissions,161961.609375,prediction
2026-08-20 23:35:00,2026-08-21 15:35:00,India,Total emissions,162246.21875,prediction
2026-08-20 23:35:00,2026-08-21 16:35:00,India,Total emissions,162228.828125,prediction
2026-08-20 23:35:00,2026-08-21 17:35:00,India,Total emissions,162052.953125,prediction
2026-08-20 23:35:00,2026-08-21 18:35:00,India,Total emissions,161701.59375,prediction
2026-08-20 23:35:00,2026-08-21 19:35:00,India,Total emissions,162053.03125,prediction
2026-08-20 23:35:00,2026-08-21 20:35:00,India,Total emissions,161984.4375,prediction
2026-08-20 23:35:00,2026-08-21 21:35:00,India,Total emissions,162157.109375,prediction
2026-08-20 23:35:00,2026-08-21 22:35:00,India,Total emissions,162395.328125,prediction
2026-08-20 23:35:00,2026-08-21 23:35:00,India,Total emissions,161817.625,prediction
2026-08-20 23:35:00,2026-08-21 00:35:00,India,Total emissions,162180.984375,prediction
2026-08-20 23:35:00,2026-08-21 01:35:00,India,Total emissions,162143.125,prediction
2026-08-20 23:35:00,2026-08-21 02:35:00,India,Total emissions,162065.8125,prediction
2026-08-20 23:35:00,2026-08-21 03:35:00,India,Total emissions,162225.96875,prediction
2026-08-20 23:35:00,2026-08-21 04:35:00,India,Total emissions,162268.1875,prediction
2026-08-20 23:35:00,2026-08-21 05:35:00,India,Total emissions,162051.796875,prediction
2026-08-20 23:35:00,2026-08-21 06:35:00,India,Total emissions,162259.25,prediction
2026-08-20 23:35:00,2026-08-21 07:35:00,India,Total emissions,162223.28125,prediction
2026-08-20 23:35:00,2026-08-21 08:35:00,India,Total emissions,162085.984375,prediction
2026-08-20 23:35:00,2026-08-21 09:35:00,India,Total emissions,162169.28125,prediction
2026-08-20 23:35:00,2026-08-21 10:35:00,India,Total emissions,162031.46875,prediction
2026-08-20 23:35:00,2026-08-21 11:35:00,India,Total emissions,162054.921875,prediction
2026-08-20 23:35:00,2026-08-21 12:35:00,India,Total emissions,161889.765625,prediction
2026-08-20 23:35:00,2026-08-21 13:35:00,India,Total emissions,162125.828125,prediction
2026-08-20 23:35:00,2026-08-21 14:35:00,India,Total emissions,161961.609375,prediction
2026-08-20 23:35:00,2026-08-21 15:35:00,India,Total emissions,162246.21875,prediction
2026-08-20 23:35:00,2026-08-21 16:35:00,India,Total emissions,162228.828125,prediction
2026-08-20 23:35:00,2026-08-21 17:35:00,India,Total emissions,162052.953125,prediction
2026-08-20 23:35:00,2026-08-21 18:35:00,India,Total emissions,161701.59375,prediction
2026-08-20 23:35:00,2026-08-21 19:35:00,India,Total emissions,162053.03125,prediction
2026-08-20 23:35:00,2026-08-21 20:35:00,India,Total emissions,161984.4375,prediction
2026-08-20 23:35:00,2026-08-21 21:35:00,India,Total emissions,162157.109375,prediction
2026-08-20 23:35:00,2026-08-21 22:35:00,India,Total emissions,162395.328125,prediction
2026-08-20 23:35:00,2026-08-21 23:35:00,India,Total emissions,161817.625,prediction
2026-08-20 23:35:00,2026-08-21 00:35:00,India,Total emissions,162180.984375,prediction
2026-08-20 23:35:00,2026-08-21 01:35:00,India,Total emissions,162143.125,prediction
2026-08-20 23:35:00,2026-08-21 02:35:00,India,Total emissions,162065.8125,prediction
2026-08-20 23:35:00,2026-08-21 03:35:00,India,Total emissions,162225.96875,prediction
2026-08-20 23:35:00,2026-08-21 04:35:00,India,Total emissions,162268.1875,prediction
2026-08-20 23:35:00,2026-08-21 05:35:00,India,Total emissions,162051.796875,prediction
2026-08-20 23:35:00,2026-08-21 06:35:00,India,Total emissions,162259.25,prediction
2026-08-20 23:35:00,2026-08-21 07:35:00,India,Total emissions,162223.28125,prediction
2026-08-20 23:35:00,2026-08-21 08:35:00,India,Total emissions,162085.984375,prediction
2026-08-20 23:35:00,2026-08-21 09:35:00,India,Total emissions,162169.28125,prediction
2026-08-20 23:35:00,2026-08-21 10:35:00,India,Total emissions,162031.46875,prediction
2026-08-20 23:35:00,2026-08-21 11:35:00,India,Total emissions,162054.921875,prediction
2026-08-20 23:35:00,2026-08-21 12:35:00,India,Total emissions,161889.765625,prediction
2026-08-20 23:35:00,2026-08-21 13:35:00,India,Total emissions,162125.828125,prediction
2026-08-20 23:35:00,2026-08-21 14:35:00,India,Total emissions,161961.609375,prediction
2026-08-20 23:35:00,2026-08-21 15:35:00,India,Total emissions,162246.21875,prediction
2026-08-20 23:35:00,2026-08-21 16:35:00,India,Total emissions,162228.828125,prediction
2026-08-20 23:35:00,2026-08-21 17:35:00,India,Total emissions,162052.953125,prediction
2026-08-20 23:35:00,2026-08-21 18:35:00,India,Total emissions,161701.59375,prediction
2026-08-20 23:35:00,2026-08-21 19:35:00,India,Total emissions,162053.03125,prediction
2026-08-20 23:35:00,2026-08-21 20:35:00,India,Total emissions,161984.4375,prediction
2026-08-20 23:35:00,2026-08-21 21:35:00,India,Total emissions,162157.109375,prediction
2026-08-20 23:35:00,2026-08-21 22:35:00,India,Total emissions,162395.328125,prediction
2026-08-20 23:35:00,2026-08-21 23:35:00,India,Total emissions,161817.625,prediction
2026-08-20 23:35:00,2026-08-21 00:35:00,India,Total emissions,162180.984375,prediction
2026-08-20 23:35:00,2026-08-21 01:35:00,India,Total emissions,162143.125,prediction
2026-08-20 23:35:00,2026-08-21 02:35:00,India,Total emissions,162065.8125,prediction
2026-08-20 23:35:00,2026-08-21 03:35:00,India,Total emissions,162225.96875,prediction
2026-08-20 23:35:00,2026-08-21 04:35:00,India,Total emissions,162268.1875,prediction
2026-08-20 23:35:00,2026-08-21 05:35:00,India,Total emissions,162051.796875,prediction
2026-08-20 23:35:00,2026-08-21 06:35:00,India,Total emissions,162259.25,prediction
2026-08-20 23:35:00,2026-08-21 07:35:00,India,Total emissions,162223.28125,prediction
2026-08-20 23:35:00,2026-08-21 08:35:00,India,Total emissions,162085.984375,prediction
2026-08-20 23:35:00,2026-08-21 09:35:00,India,Total emissions,162169.28125,prediction
2026-08-20 23:35:00,2026-08-21 10:35:00,India,Total emissions,162031.46875,prediction
2026-08-20 23:35:00,2026-08-21 11:35:00,India,Total emissions,162054.921875,prediction
2026-08-20 23:35:00,2026-08-21 12:35:00,India,Total emissions,161889.765625,prediction
2026-08-20 23:35:00,2026-08-21 13:35:00,India,Total emissions,162125.828125,prediction
2026-08-20 23:35:00,2026-08-21 14:35:00,India,Total emissions,161961.609375,prediction
2026-08-20 23:35:00,2026-08-21 15:35:00,India,Total emissions,162246.21875,prediction
2026-08-20 23:35:00,2026-08-21 16:35:00,India,Total emissions,162228.828125,prediction
2026-08-20 23:35:00,2026-08-21 17:35:00,India,Total emissions,162052.953125,prediction
2026-08-20 23:35:00,2026-08-21 18:35:00,India,Total emissions,161701.59375,prediction
2026-08-20 23:35:00,2026-08-21 19:35:00,India,Total emissions,162053.03125,prediction
2026-08-20 23:35:00,2026-08-21 20:35:00,India,Total emissions,161984.4375,prediction
2026-08-20 23:35:00,2026-08-21 21:35:00,India,Total emissions,162157.109375,prediction
2026-08-20 23:35:00,2026-08-21 22:35:00,India,Total emissions,162395.328125,prediction
2026-08-20 23:35:00,2026-08-21 23:35:00,India,Total emissions,161817.625,prediction
2026-08-20 23:35:00,2026-08-21 00:35:00,India,Total emissions,162180.984375,prediction
2026-08-20 23:35:00,2026-08-21 01:35:00,India,Total emissions,162143.125,prediction
2026-08-20 23:35:00,2026-08-21 02:35:00,India,Total emissions,162065.8125,prediction
2026-08-20 23:35:00,2026-08-21 03:35:00,India,Total emissions,162225.96875,prediction
2026-08-20 23:35:00,2026-08-21 04:35:00,India,Total emissions,162268.1875,prediction
2026-08-20 23:35:00,2026-08-21 05:35:00,India,Total emissions,162051.796875,prediction
2026-08-20 23:35:00,2026-08-21 06:35:00,India,Total emissions,162259.25,prediction
2026-08-20 23:35:00,2026-08-21 07:35:00,India,Total emissions,162223.28125,prediction
2026-08-20 23:35:00,2026-08-21 08:35:00,India,Total emissions,162085.984375,prediction
2026-08-20 23:35:00,2026-08-21 09:35:00,India,Total emissions,162169.28125,prediction
2026-08-20 23:35:00,2026-08-21 10:35:00,India,Total emissions,162031.46875,prediction
2026-08-20 23:35:00,2026-08-21 11:35:00,India,Total emissions,162054.921875,prediction
2026-08-20 23:35:00,2026-08-21 12:35:00,India,Total emissions,161889.765625,prediction
2026-08-20 23:35:00,2026-08-21 13:35:00,India,Total emissions,162125.828125,prediction
2026-08-20 23:35:00,2026-08-21 14:35:00,India,Total emissions,161961.609375,prediction
2026-08-20 23:35:00,2026-08-21 15:35:00,India,Total emissions,162246.21875,prediction
2026-08-20 23:35:00,2026-08-21 16:35:00,India,Total emissions,162228.828125,prediction
2026-08-20 23:35:00,2026-08-21 17:35:00,India,Total emissions,162052.953125,prediction
2026-08-20 23:35:00,2026-08-21 18:35:00,India,Total emissions,161701.59375,prediction
2026-08-20 23:35:00,2026-08-21 19:35:00,India,Total emissions,162053.03125,prediction
2026-08-20 23:35:00,2026-08-21 20:35:00,India,Total emissions,161984.4375,prediction
2026-08-20 23:35:00,2026-08-21 21:35:00,India,Total emissions,162157.109375,prediction
2026-08-20 23:35:00,2026-08-21 22:35:00,India,Total emissions,162395.328125,prediction
2026-08-20 23:35:00,2026-08-21 23:35:00,India,Total emissions,161817.625,prediction
2026-08-20 23:35:00,2026-08-21 00:35:00,India,Total emissions,162180.984375,prediction
2026-08-20 23:35:00,2026-08-21 01:35:00,India,Total emissions,162143.125,prediction
2026-08-20 23:35:00,2026-08-21 02:35:00,India,Total emissions,162065.8125,prediction
2026-08-20 23:35:00,2026-08-21 03:35:00,India,Total emissions,162225.96875,prediction
2026-08-20 23:35:00,2026-08-21 04:35:00,India,Total emissions,162268.1875,prediction
2026-08-20 23:35:00,2026-08-21 05:35:00,India,Total emissions,162051.796875,prediction
2026-08-20 23:35:00,2026-08-21 06:35:00,India,Total emissions,162259.25,prediction
2026-08-20 23:35:00,2026-08-21 07:35:00,India,Total emissions,162223.28125,prediction
2026-08-20 23:35:00,2026-08-21 08:35:00,India,Total emissions,162085.984375,prediction
2026-08-20 23:35:00,2026-08-21 09:35:00,India,Total emissions,162169.28125,prediction
2026-08-20 23:35:00,2026-08-21 10:35:00,India,Total emissions,162031.46875,prediction
2026-08-20 23:35:00,2026-08-21 11:35:00,India,Total emissions,162054.921875,prediction
2026-08-20 23:35:00,2026-08-21 12:35:00,India,Total emissions,161889.765625,prediction
2026-08-20 23:35:00,2026-08-21 13:35:00,India,Total emissions,162125.828125,prediction
2026-08-20 23:35:00,2026-08-21 14:35:00,India,Total emissions,161961.609375,prediction
2026-08-20 23:35:00,2026-08-21 15:35:00,India,Total emissions,162246.21875,prediction
2026-08-20 23:35:00,2026-08-21 16:35:00,India,Total emissions,162228.828125,prediction
2026-08-20 23:35:00,2026-08-21 17:35:00,India,Total emissions,162052.953125,prediction
2026-08-20 23:35:00,2026-08-21 18:35:00,India,Total emissions,161701.59375,prediction
2026-08-20 23:35:00,2026-08-21 19:35:00,India,Total emissions,162053.03125,prediction
2026-08-20 23:35:00,2026-08-21 20:35:00,India,Total emissions,161984.4375,prediction
2026-08-20 23:35:00,2026-08-21 21:35:00,India,Total emissions,162157.109375,prediction
2026-08-20 23:35:00,2026-08-21 22:35:00,India,Total emissions,162395.328125,prediction
2026-08-20 23:35:00,2026-08-21 23:35:00,India,Total emissions,161817.625,prediction
2026-08-20 23:35:00,2026-08-21 00:35:00,India,Total emissions,162180.984375,prediction
2026-08-20 23:35:00,2026-08-21 01:35:00,India,Total emissions,162143.125,prediction
2026-08-20 23:35:00,2026-08-21 02:35:00,India,Total emissions,162065.8125,prediction
2026-08-20 23:35:00,2026-08-21 03:35:00,India,Total emissions,162225.96875,prediction
2026-08-20 23:35:00,2026-08-21 04:35:00,India,Total emissions,162268.1875,prediction
2026-08-20 23:35:00,2026-08-21 05:35:00,India,Total emissions,162051.796875,prediction
2026-08-20 23:35:00,2026-08-21 06:35:00,India,Total emissions,162259.25,prediction
2026-08-20 23:35:00,2026-08-21 07:35:00,India,Total emissions,162223.28125,prediction
2026-08-20 23:35:00,2026-08-21 08:35:00,India,Total emissions,162085.984375,prediction
2026-08-20 23:35:00,2026-08-21 09:35:00,India,Total emissions,162169.28125,prediction
2026-08-20 23:35:00,2026-08-21 10:35:00,India,Total emissions,162031.46875,prediction
2026-08-20 23:35:00,2026-08-21 11:35:00,India,Total emissions,162054.921875,prediction
2026-08-20 23:35:00,2026-08-21 12:35:00,India,Total emissions,161889.765625,prediction
2026-08-20 23:35:00,2026-08-21 13:35:00,India,Total emissions,162125.828125,prediction
2026-08-20 23:35:00,2026-08-21 14:35:00,India,Total emissions,161961.609375,prediction
2026-08-20 23:35:00,2026-08-21 15:35:00,India,Total emissions,162246.21875,prediction
2026-08-20 23:35:00,2026-08-21 16:35:00,India,Total emissions,162228.828125,prediction
2026-08-20 23:35:00,2026-08-21 17:35:00,India,Total emissions,162052.953125,prediction
2026-08-20 23:35:00,2026-08-21 18:35:00,India,Total emissions,161701.59375,prediction
2026-08-20 23:35:00,2026-08-21 19:35:00,India,Total emissions,162053.03125,prediction
2026-08-20 23:35:00,2026-08-21 20:35:00,India,Total emissions,161984.4375,prediction
2026-08-20 23:35:00,2026-08-21 21:35:00,India,Total emissions,162157.109375,prediction
2026-08-20 23:35:00,2026-08-21 22:35:00,India,Total emissions,162395.328125,prediction
2026-08-20 23:35:00,2026-08-21 23:35:00,India,Total emissions,161817.625,prediction
2026-08-20 23:35:00,2026-08-21 00:35:00,India,Total emissions,162180.984375,prediction
2026-08-20 23:35:00,2026-08-21 01:35:00,India,Total emissions,162143.125,prediction
2026-08-20 23:35:00,2026-08-21 02:35:00,India,Total emissions,162065.8125,prediction
2026-08-20 23:35:00,2026-08-21 03:35:00,India,Total emissions,162225.96875,prediction
2026-08-20 23:35:00,2026-08-21 04:35:00,India,Total emissions,162268.1875,prediction
2026-08-20 23:35:00,2026-08-21 05:35:00,India,Total emissions,162051.796875,prediction
2026-08-20 23:35:00,2026-08-21 06:35:00,India,Total emissions,162259.25,prediction
2026-08-20 23:35:00,2026-08-21 07:35:00,India,Total emissions,162223.28125,prediction
2026-08-20 23:35:00,2026-08-21 08:35:00,India,Total emissions,162085.984375,prediction
2026-08-20 23:35:00,2026-08-21 09:35:00,India,Total emissions,162169.28125,prediction
2026-08-20 23:35:00,2026-08-21 10:35:00,India,Total emissions,162031.46875,prediction
2026-08-20 23:35:00,2026-08-21 11:35:00,India,Total emissions,162054.921875,prediction
2026-08-20 23:35:00,2026-08-21 12:35:00,India,Total emissions,161889.765625,prediction
2026-08-20 23:35:00,2026-08-21 13:35:00,India,Total emissions,162125.828125,prediction
2026-08-20 23:35:00,2026-08-21 14:35:00,India,Total emissions,161961.609375,prediction
2026-08-20 23:35:00,2026-08-21 15:35:00,India,Total emissions,162246.21875,prediction
2026-08-20 23:35:00,2026-08-21 16:35:00,India,Total emissions,162228.828125,prediction
2026-08-20 23:35:00,2026-08-21 17:35:00,India,Total emissions,162052.953125,prediction
2026-08-20 23:35:00,2026-08-21 18:35:00,India,Total emissions,161701.59375,prediction
2026-08-20 23:35:00,2026-08-21 19:35:00,India,Total emissions,162053.03125,prediction
2026-08-20 23:35:00,2026-08-21 20:35:00,India,Total emissions,161984.4375,prediction
2026-08-20 23:35:00,2026-08-21 21:35:00,India,Total emissions,162157.109375,prediction
2026-08-20 23:35:00,2026-08-21 22:35:00,India,Total emissions,162395.328125,prediction
2026-08-20 23:35:00,2026-08-21 23:35:00,India,Total emissions,161817.625,prediction
2026-08-20 23:35:00,2026-08-21 00:35:00,India,Total emissions,162180.984375,prediction
2026-08-20 23:35:00,2026-08-21 01:35:00,India,Total emissions,162143.125,prediction
2026-08-20 23:35:00,2026-08-21 02:35:00,India,Total emissions,162065.8125,prediction
2026-08-20 23:35:00,2026-08-21 03:35:00,India,Total emissions,162225.96875,prediction
2026-08-20 23:35:00,2026-08-21 04:35:00,India,Total emissions,162268.1875,prediction
2026-08-20 23:35:00,2026-08-21 05:35:00,India,Total emissions,162051.796875,prediction
2026-08-20 23:35:00,2026-08-21 06:35:00,India,Total emissions,162259.25,prediction
2026-08-20 23:35:00,2026-08-21 07:35:00,India,Total emissions,162223.28125,prediction
2026-08-20 23:35:00,2026-08-21 08:35:00,India,Total emissions,162085.984375,prediction
2026-08-20 23:35:00,2026-08-21 09:35:00,India,Total emissions,162169.28125,prediction
2026-08-20 23:35:00,2026-08-21 10:35:00,India,Total emissions,162031.46875,prediction
2026-08-20 23:35:00,2026-08-21 11:35:00,India,Total emissions,162054.921875,prediction
2026-08-20 23:35:00,2026-08-21 12:35:00,India,Total emissions,161889.765625,prediction
2026-08-20 23:35:00,2026-08-21 13:35:00,India,Total emissions,162125.828125,prediction
2026-08-20 23:35:00,2026-08-21 14:35:00,India,Total emissions,161961.609375,prediction
2026-08-20 23:35:00,2026-08-21 15:35:00,India,Total emissions,162246.21875,prediction
2026-08-20 23:35:00,2026-08-21 16:35:00,India,Total emissions,162228.828125,prediction
2026-08-20 23:35:00,2026-08-21 17:35:00,India,Total emissions,162052.953125,prediction
2026-08-20 23:35:00,2026-08-21 18:35:00,India,Total emissions,161701.59375,prediction
2026-08-20 23:35:00,2026-08-21 19:35:00,India,Total emissions,162053.03125,prediction
2026-08-20 23:35:00,2026-08-21 20:35:00,India,Total emissions,161984.4375,prediction
2026-08-20 23:35:00,2026-08-21 21:35:00,India,Total emissions,162157.109375,prediction
2026-08-20 23:35:00,2026-08-21 22:35:00,India,Total emissions,162395.328125,prediction
2026-08-20 23:35:00,2026-08-21 23:35:00,India,Total emissions,161817.625,prediction
2026-08-20 23:35:00,2026-08-21 00:35:00,India,Total emissions,162180.984375,prediction
2026-08-20 23:35:00,2026-08-21 01:35:00,India,Total emissions,162143.125,prediction
2026-08-20 23:35:00,2026-08-21 02:35:00,India,Total emissions,162065.8125,prediction
2026-08-20 23:35:00,2026-08-21 03:35:00,India,Total emissions,162225.96875,prediction
2026-08-20 23:35:00,2026-08-21 04:35:00,India,Total emissions,162268.1875,prediction
2026-08-20 23:35:00,2026-08-21 05:35:00,India,Total emissions,162051.796875,prediction
2026-08-20 23:35:00,2026-08-21 06:35:00,India,Total emissions,162259.25,prediction
2026-08-20 23:35:00,2026-08-21 07:35:00,India,Total emissions,162223.28125,prediction
2026-08-20 23:35:00,2026-08-21 08:35:00,India,Total emissions,162085.984375,prediction
2026-08-20 23:35:00,2026-08-21 09:35:00,India,Total emissions,162169.28125,prediction
2026-08-20 23:35:00,2026-08-21 10:35:00,India,Total emissions,162031.46875,prediction
2026-08-20 23:35:00,2026-08-21 11:35:00,India,Total emissions,162054.921875,prediction
2026-08-20 23:35:00,2026-08-21 12:35:00,India,Total emissions,161889.765625,prediction
2026-08-20 23:35:00,2026-08-21 13:35:00,India,Total emissions,162125.828125,prediction
2026-08-20 23:35:00,2026-08-21 14:35:00,India,Total emissions,161961.609375,prediction
2026-08-20 23:35:00,2026-08-21 15:35:00,India,Total emissions,162246.21875,prediction
2026-08-20 23:35:00,2026-08-21 16:35:00,India,Total emissions,162228.828125,prediction
2026-08-20 23:35:00,2026-08-21 17:35:00,India,Total emissions,162052.953125,prediction
2026-08-20 23:35:00,2026-08-21 18:35:00,India,Total emissions,161701.59375,prediction
2026-08-20 23:35:00,2026-08-21 19:35:00,India,Total emissions,162053.03125,prediction
2026-08-20 23:35:00,2026-08-21 20:35:00,India,Total emissions,161984.4375,prediction
2026-08-20 23:35:00,2026-08-21 21:35:00,India,Total emissions,162157.109375,prediction
2026-08-20 23:35:00,2026-08-21 22:35:00,India,Total emissions,162395.328125,prediction
2026-08-20 23:35:00,2026-08-21 23:35:00,India,Total emissions,161817.625,prediction
2026-08-20 23:35:00,2026-08-21 00:35:00,India,Total emissions,162180.984375,prediction
2026-08-20 23:35:00,2026-08-21 01:35:00,India,Total emissions,162143.125,prediction
2026-08-20 23:35:00,2026-08-21 02:35:00,India,Total emissions,162065.8125,prediction
2026-08-20 23:35:00,2026-08-21 03:35:00,India,Total emissions,162225.96875,prediction
2026-08-20 23:35:00,2026-08-21 04:35:00,India,Total emissions,162268.1875,prediction
2026-08-20 23:35:00,2026-08-21 05:35:00,India,Total emissions,162051.796875,prediction
2026-08-20 23:35:00,2026-08-21 06:35:00,India,Total emissions,162259.25,prediction
2026-08-20 23:35:00,2026-08-21 07:35:00,India,Total emissions,162223.28125,prediction
2026-08-20 23:35:00,2026-08-21 08:35:00,India,Total emissions,162085.984375,prediction
2026-08-20 23:35:00,2026-08-21 09:35:00,India,Total emissions,162169.28125,prediction
2026-08-20 23:35:00,2026-08-21 10:35:00,India,Total emissions,162031.46875,prediction
2026-08-20 23:35:00,2026-08-21 11:35:00,India,Total emissions,162054.921875,prediction
2026-08-20 23:35:00,2026-08-21 12:35:00,India,Total emissions,161889.765625,prediction
2026-08-20 23:35:00,2026-08-21 13:35:00,India,Total emissions,162125.828125,prediction
2026-08-20 23:35:00,2026-08-21 14:35:00,India,Total emissions,161961.609375,prediction
2026-08-20 23:35:00,2026-08-21 15:35:00,India,Total emissions,162246.21875,prediction
2026-08-20 23:35:00,2026-08-21 16:35:00,India,Total emissions,162228.828125,prediction
2026-08-20 23:35:00,2026-08-21 17:35:00,India,Total emissions,162052.953125,prediction
2026-08-20 23:35:00,2026-08-21 18:35:00,India,Total emissions,161701.59375,prediction
2026-08-20 23:35:00,2026-08-21 19:35:00,India,Total emissions,162053.03125,prediction
2026-08-20 23:35:00,2026-08-21 20:35:00,India,Total emissions,161984.4375,prediction
2026-08-20 23:35:00,2026-08-21 21:35:00,India,Total emissions,162157.109375,prediction
2026-08-20 23:35:00,2026-08-21 22:35:00,India,Total emissions,162395.328125,prediction
2026-08-20 23:35:00,2026-08-21 23:35:00,India,Total emissions,161817.625,prediction
2026-08-20 23:35:00,2026-08-21 00:35:00,India,Total emissions,162180.984375,prediction
2026-08-20 23:35:00,2026-08-21 01:35:00,India,Total emissions,162143.125,prediction
2026-08-20 23:35:00,2026-08-21 02:35:00,India,Total emissions,162065.8125,prediction
2026-08-20 23:35:00,2026-08-21 03:35:00,India,Total emissions,162225.96875,prediction
2026-08-20 23:35:00,2026-08-21 04:35:00,India,Total emissions,162268.1875,prediction
2026-08-20 23:35:00,2026-08-21 05:35:00,India,Total emissions,162051.796875,prediction
2026-08-20 23:35:00,2026-08-21 06:35:00,India,Total emissions,162259.25,prediction
2026-08-20 23:35:00,2026-08-21 07:35:00,India,Total emissions,162223.28125,prediction
2026-08-20 23:35:00,2026-08-21 08:35:00,India,Total emissions,162085.984375,prediction
2026-08-20 23:35:00,2026-08-21 09:35:00,India,Total emissions,162169.28125,prediction
2026-08-20 23:35:00,2026-08-21 10:35:00,India,Total emissions,162031.46875,prediction
2026-08-20 23:35:00,2026-08-21 11:35:00,India,Total emissions,162054.921875,prediction
2026-08-20 23:35:00,2026-08-21 12:35:00,India,Total emissions,161889.765625,prediction
2026-08-20 23:35:00,2026-08-21 13:35:00,India,Total emissions,162125.828125,prediction
2026-08-20 23:35:00,2026-08-21 14:35:00,India,Total emissions,161961.609375,prediction
2026-08-20 23:35:00,2026-08-21 15:35:00,India,Total emissions,162246.21875,prediction
2026-08-20 23:35:00,2026-08-21 16:35:00,India,Total emissions,162228.828125,prediction
2026-08-20 23:35:00,2026-08-21 17:35:00,India,Total emissions,162052.953125,prediction
2026-08-20 23:35:00,2026-08-21 18:35:00,India,Total emissions,161701.59375,prediction
2026-08-20 23:35:00,2026-08-21 19:35:00,India,Total emissions,162053.03125,prediction
2026-08-20 23:35:00,2026-08-21 20:35:00,India,Total emissions,161984.4375,prediction
2026-08-20 23:35:00,2026-08-21 21:35:00,India,Total emissions,162157.109375,prediction
2026-08-20 23:35:00,2026-08-21 22:35:00,India,Total emissions,162395.328125,prediction
2026-08-20 23:35:00,2026-08-21 23:35:00,India,Total emissions,161817.625,prediction
2026-08-20 23:35:00,2026-08-21 00:35:00,India,Total emissions,162180.984375,prediction
2026-08-20 23:35:00,2026-08-21 01:35:00,India,Total emissions,162143.125,prediction
2026-08-20 23:35:00,2026-08-21 02:35:00,India,Total emissions,162065.8125,prediction
2026-08-20 23:35:00,2026-08-21 03:35:00,India,Total emissions,162225.96875,prediction
2026-08-20 23:35:00,2026-08-21 04:35:00,India,Total emissions,162268.1875,prediction
2026-08-20 23:35:00,2026-08-21 05:35:00,India,Total emissions,162051.796875,prediction
2026-08-20 23:35:00,2026-08-21 06:35:00,India,Total emissions,162259.25,prediction
2026-08-20 23:35:00,2026-08-21 07:35:00,India,Total emissions,162223.28125,prediction
2026-08-20 23:35:00,2026-08-21 08:35:00,India,Total emissions,162085.984375,prediction
2026-08-20 23:35:00,2026-08-21 09:35:00,India,Total emissions,162169.28125,prediction
2026-08-20 23:35:00,2026-08-21 10:35:00,India,Total emissions,162031.46875,prediction
2026-08-20 23:35:00,2026-08-21 11:35:00,India,Total emissions,162054.921875,prediction
2026-08-20 23:35:00,2026-08-21 12:35:00,India,Total emissions,161889.765625,prediction
2026-08-20 23:35:00,2026-08-21 13:35:00,India,Total emissions,162125.828125,prediction
2026-08-20 23:35:00,2026-08-21 14:35:00,India,Total emissions,161961.609375,prediction
2026-08-20 23:35:00,2026-08-21 15:35:00,India,Total emissions,162246.21875,prediction
2026-08-20 23:35:00,2026-08-21 16:35:00,India,Total emissions,162228.828125,prediction
2026-08-20 23:35:00,2026-08-21 17:35:00,India,Total emissions,162052.953125,prediction
2026-08-20 23:35:00,2026-08-21 18:35:00,India,Total emissions,161701.59375,prediction
2026-08-20 23:35:00,2026-08-21 19:35:00,India,Total emissions,162053.03125,prediction
2026-08-20 23:35:00,2026-08-21 20:35:00,India,Total emissions,161984.4375,prediction
2026-08-20 23:35:00,2026-08-21 21:35:00,India,Total emissions,162157.109375,prediction
2026-08-20 23:35:00,2026-08-21 22:35:00,India,Total emissions,162395.328125,prediction
2026-08-20 23:35:00,2026-08-21 23:35:00,India,Total emissions,161817.625,prediction
2026-08-20 23:35:00,2026-08-21 00:35:00,India,Total emissions,162180.984375,prediction
2026-08-20 23:35:00,2026-08-21 01:35:00,India,Total emissions,162143.125,prediction
2026-08-20 23:35:00,2026-08-21 02:35:00,India,Total emissions,162065.8125,prediction
2026-08-20 23:35:00,2026-08-21 03:35:00,India,Total emissions,162225.96875,prediction
2026-08-20 23:35:00,2026-08-21 04:35:00,India,Total emissions,162268.1875,prediction
2026-08-20 23:35:00,2026-08-21 05:35:00,India,Total emissions,162051.796875,prediction
2026-08-20 23:35:00,2026-08-21 06:35:00,India,Total emissions,162259.25,prediction
2026-08-20 23:35:00,2026-08-21 07:35:00,India,Total emissions,162223.28125,prediction
2026-08-20 23:35:00,2026-08-21 08:35:00,India,Total emissions,162085.984375,prediction
2026-08-20 23:35:00,2026-08-21 09:35:00,India,Total emissions,162169.28125,prediction
2026-08-20 23:35:00,2026-08-21 10:35:00,India,Total emissions,162031.46875,prediction
2026-08-20 23:35:00,2026-08-21 11:35:00,India,Total emissions,162054.921875,prediction
2026-08-20 23:35:00,2026-08-21 12:35:00,India,Total emissions,161889.765625,prediction
2026-08-20 23:35:00,2026-08-21 13:35:00,India,Total emissions,162125.828125,prediction
2026-08-20 23:35:00,2026-08-21 14:35:00,India,Total emissions,161961.609375,prediction
2026-08-20 23:35:00,2026-08-21 15:35:00,India,Total emissions,162246.21875,prediction
2026-08-20 23:35:00,2026-08-21 16:35:00,India,Total emissions,162228.828125,prediction
2026-08-20 23:35:00,2026-08-21 17:35:00,India,Total emissions,162052.953125,prediction
2026-08-20 23:35:00,2026-08-21 18:35:00,India,Total emissions,161701.59375,prediction
2026-08-20 23:35:00,2026-08-21 19:35:00,India,Total emissions,162053.03125,prediction
2026-08-20 23:35:00,2026-08-21 20:35:00,India,Total emissions,161984.4375,prediction
2026-08-20 23:35:00,2026-08-21 21:35:00,India,Total emissions,162157.109375,prediction
2026-08-20 23:35:00,2026-08-21 22:35:00,India,Total emissions,162395.328125,prediction
2026-08-20 23:35:00,2026-08-21 23:35:00,India,Total emissions,161817.625,prediction
2026-08-20 23:35:00,2026-08-21 00:35:00,India,Total emissions,162180.984375,prediction
2026-08-20 23:35:00,2026-08-21 01:35:00,India,Total emissions,162143.125,prediction
2026-08-20 23:35:00,2026-08-21 02:35:00,India,Total emissions,162065.8125,prediction
2026-08-20 23:35:00,2026-08-21 03:35:00,India,Total emissions,162225.96875,prediction
2026-08-20 23:35:00,2026-08-21 04:35:00,India,Total emissions,162268.1875,prediction
2026-08-20 23:35:00,2026-08-21 05:35:00,India,Total emissions,162051.796875,prediction
2026-08-20 23:35:00,2026-08-21 06:35:00,India,Total emissions,162259.25,prediction
2026-08-20 23:35:00,2026-08-21 07:35:00,India,Total emissions,162223.28125,prediction
2026-08-20 23:35:00,2026-08-21 08:35:00,India,Total emissions,162085.984375,prediction
2026-08-20 23:35:00,2026-08-21 09:35:00,India,Total emissions,162169.28125,prediction
2026-08-20 23:35:00,2026-08-21 10:35:00,India,Total emissions,162031.46875,prediction
2026-08-20 23:35:00,2026-08-21 11:35:00,India,Total emissions,162054.921875,prediction
2026-08-20 23:35:00,2026-08-21 12:35:00,India,Total emissions,161889.765625,prediction
2026-08-20 23:35:00,2026-08-21 13:35:00,India,Total emissions,162125.828125,prediction
2026-08-20 23:35:00,2026-08-21 14:35:00,India,Total emissions,161961.609375,prediction
2026-08-20 23:35:00,2026-08-21 15:35:00,India,Total emissions,162246.21875,prediction
2026-08-20 23:35:00,2026-08-21 16:35:00,India,Total emissions,162228.828125,prediction
2026-08-20 23:35:00,2026-08-21 17:35:00,India,Total emissions,162052.953125,prediction
2026-08-20 23:35:00,2026-08-21 18:35:00,India,Total emissions,161701.59375,prediction
2026-08-20 23:35:00,2026-08-21 19:35:00,India,Total emissions,162053.03125,prediction
2026-08-20 23:35:00,2026-08-21 20:35:00,India,Total emissions,161984.4375,prediction
2026-08-20 23:35:00,2026-08-21 21:35:00,India,Total emissions,162157.109375,prediction
2026-08-20 23:35:00,2026-08-21 22:35:00,India,Total emissions,162395.328125,prediction
2026-08-20 23:35:00,2026-08-21 23:35:00,India,Total emissions,161817.625,prediction
2026-08-20 23:36:00,2026-08-21 00:36:00,India,Total emissions,162180.984375,prediction
2026-08-20 23:36:00,2026-08-21 01:36:00,India,Total emissions,162143.125,prediction
2026-08-20 23:36:00,2026-08-21 02:36:00,India,Total emissions,162065.8125,prediction
2026-08-20 23:36:00,2026-08-21 03:36:00,India,Total emissions,162225.96875,prediction
2026-08-20 23:36:00,2026-08-21 04:36:00,India,Total emissions,162268.1875,prediction
2026-08-20 23:36:00,2026-08-21 05:36:00,India,Total emissions,162051.796875,prediction
2026-08-20 23:36:00,2026-08-21 06:36:00,India,Total emissions,162259.25,prediction
2026-08-20 23:36:00,2026-08-21 07:36:00,India,Total emissions,162223.28125,prediction
2026-08-20 23:36:00,2026-08-21 08:36:00,India,Total emissions,162085.984375,prediction
2026-08-20 23:36:00,2026-08-21 09:36:00,India,Total emissions,162169.28125,prediction
2026-08-20 23:36:00,2026-08-21 10:36:00,India,Total emissions,162031.46875,prediction
2026-08-20 23:36:00,2026-08-21 11:36:00,India,Total emissions,162054.921875,prediction
2026-08-20 23:36:00,2026-08-21 12:36:00,India,Total emissions,161889.765625,prediction
2026-08-20 23:36:00,2026-08-21 13:36:00,India,Total emissions,162125.828125,prediction
2026-08-20 23:36:00,2026-08-21 14:36:00,India,Total emissions,161961.609375,prediction
2026-08-20 23:36:00,2026-08-21 15:36:00,India,Total emissions,162246.21875,prediction
2026-08-20 23:36:00,2026-08-21 16:36:00,India,Total emissions,162228.828125,prediction
2026-08-20 23:36:00,2026-08-21 17:36:00,India,Total emissions,162052.953125,prediction
2026-08-20 23:36:00,2026-08-21 18:36:00,India,Total emissions,161701.59375,prediction
2026-08-20 23:36:00,2026-08-21 19:36:00,India,Total emissions,162053.03125,prediction
2026-08-20 23:36:00,2026-08-21 20:36:00,India,Total emissions,161984.4375,prediction
2026-08-20 23:36:00,2026-08-21 21:36:00,India,Total emissions,162157.109375,prediction
2026-08-20 23:36:00,2026-08-21 22:36:00,India,Total emissions,162395.328125,prediction
2026-08-20 23:36:00,2026-08-21 23:36:00,India,Total emissions,161817.625,prediction
2026-08-20 23:36:00,2026-08-21 00:36:00,India,Total emissions,162180.984375,prediction
2026-08-20 23:36:00,2026-08-21 01:36:00,India,Total emissions,162143.125,prediction
2026-08-20 23:36:00,2026-08-21 02:36:00,India,Total emissions,162065.8125,prediction
2026-08-20 23:36:00,2026-08-21 03:36:00,India,Total emissions,162225.96875,prediction
2026-08-20 23:36:00,2026-08-21 04:36:00,India,Total emissions,162268.1875,prediction
2026-08-20 23:36:00,2026-08-21 05:36:00,India,Total emissions,162051.796875,prediction
2026-08-20 23:36:00,2026-08-21 06:36:00,India,Total emissions,162259.25,prediction
2026-08-20 23:36:00,2026-08-21 07:36:00,India,Total emissions,162223.28125,prediction
2026-08-20 23:36:00,2026-08-21 08:36:00,India,Total emissions,162085.984375,prediction
2026-08-20 23:36:00,2026-08-21 09:36:00,India,Total emissions,162169.28125,prediction
2026-08-20 23:36:00,2026-08-21 10:36:00,India,Total emissions,162031.46875,prediction
2026-08-20 23:36:00,2026-08-21 11:36:00,India,Total emissions,162054.921875,prediction
2026-08-20 23:36:00,2026-08-21 12:36:00,India,Total emissions,161889.765625,prediction
2026-08-20 23:36:00,2026-08-21 13:36:00,India,Total emissions,162125.828125,prediction
2026-08-20 23:36:00,2026-08-21 14:36:00,India,Total emissions,161961.609375,prediction
2026-08-20 23:36:00,2026-08-21 15:36:00,India,Total emissions,162246.21875,prediction
2026-08-20 23:36:00,2026-08-21 16:36:00,India,Total emissions,162228.828125,prediction
2026-08-20 23:36:00,2026-08-21 17:36:00,India,Total emissions,162052.953125,prediction
2026-08-20 23:36:00,2026-08-21 18:36:00,India,Total emissions,161701.59375,prediction
2026-08-20 23:36:00,2026-08-21 19:36:00,India,Total emissions,162053.03125,prediction
2026-08-20 23:36:00,2026-08-21 20:36:00,India,Total emissions,161984.4375,prediction
2026-08-20 23:36:00,2026-08-21 21:36:00,India,Total emissions,162157.109375,prediction
2026-08-20 23:36:00,2026-08-21 22:36:00,India,Total emissions,162395.328125,prediction
2026-08-20 23:36:00,2026-08-21 23:36:00,India,Total emissions,161817.625,prediction
2026-08-20 23:37:00,2026-08-21 00:37:00,India,Total emissions,162180.984375,prediction
2026-08-20 23:37:00,2026-08-21 01:37:00,India,Total emissions,162143.125,prediction
2026-08-20 23:37:00,2026-08-21 02:37:00,India,Total emissions,162065.8125,prediction
2026-08-20 23:37:00,2026-08-21 03:37:00,India,Total emissions,162225.96875,prediction
2026-08-20 23:37:00,2026-08-21 04:37:00,India,Total emissions,162268.1875,prediction
2026-08-20 23:37:00,2026-08-21 05:37:00,India,Total emissions,162051.796875,prediction
2026-08-20 23:37:00,2026-08-21 06:37:00,India,Total emissions,162259.25,prediction
2026-08-20 23:37:00,2026-08-21 07:37:00,India,Total emissions,162223.28125,prediction
2026-08-20 23:37:00,2026-08-21 08:37:00,India,Total emissions,162085.984375,prediction
2026-08-20 23:37:00,2026-08-21 09:37:00,India,Total emissions,162169.28125,prediction
2026-08-20 23:37:00,2026-08-21 10:37:00,India,Total emissions,162031.46875,prediction
2026-08-20 23:37:00,2026-08-21 11:37:00,India,Total emissions,162054.921875,prediction
2026-08-20 23:37:00,2026-08-21 12:37:00,India,Total emissions,161889.765625,prediction
2026-08-20 23:37:00,2026-08-21 13:37:00,India,Total emissions,162125.828125,prediction
2026-08-20 23:37:00,2026-08-21 14:37:00,India,Total emissions,161961.609375,prediction
2026-08-20 23:37:00,2026-08-21 15:37:00,India,Total emissions,162246.21875,prediction
2026-08-20 23:37:00,2026-08-21 16:37:00,India,Total emissions,162228.828125,prediction
2026-08-20 23:37:00,2026-08-21 17:37:00,India,Total emissions,162052.953125,prediction
2026-08-20 23:37:00,2026-08-21 18:37:00,India,Total emissions,161701.59375,prediction
2026-08-20 23:37:00,2026-08-21 19:37:00,India,Total emissions,162053.03125,prediction
2026-08-20 23:37:00,2026-08-21 20:37:00,India,Total emissions,161984.4375,prediction
2026-08-20 23:37:00,2026-08-21 21:37:00,India,Total emissions,162157.109375,prediction
2026-08-20 23:37:00,2026-08-21 22:37:00,India,Total emissions,162395.328125,prediction
2026-08-20 23:37:00,2026-08-21 23:37:00,India,Total emissions,161817.625,prediction
2026-08-20 23:37:00,2026-08-21 00:37:00,India,Total emissions,162180.984375,prediction
2026-08-20 23:37:00,2026-08-21 01:37:00,India,Total emissions,162143.125,prediction
2026-08-20 23:37:00,2026-08-21 02:37:00,India,Total emissions,162065.8125,prediction
2026-08-20 23:37:00,2026-08-21 03:37:00,India,Total emissions,162225.96875,prediction
2026-08-20 23:37:00,2026-08-21 04:37:00,India,Total emissions,162268.1875,prediction
2026-08-20 23:37:00,2026-08-21 05:37:00,India,Total emissions,162051.796875,prediction
2026-08-20 23:37:00,2026-08-21 06:37:00,India,Total emissions,162259.25,prediction
2026-08-20 23:37:00,2026-08-21 07:37:00,India,Total emissions,162223.28125,prediction
2026-08-20 23:37:00,2026-08-21 08:37:00,India,Total emissions,162085.984375,prediction
2026-08-20 23:37:00,2026-08-21 09:37:00,India,Total emissions,162169.28125,prediction
2026-08-20 23:37:00,2026-08-21 10:37:00,India,Total emissions,162031.46875,prediction
2026-08-20 23:37:00,2026-08-21 11:37:00,India,Total emissions,162054.921875,prediction
2026-08-20 23:37:00,2026-08-21 12:37:00,India,Total emissions,161889.765625,prediction
2026-08-20 23:37:00,2026-08-21 13:37:00,India,Total emissions,162125.828125,prediction
2026-08-20 23:37:00,2026-08-21 14:37:00,India,Total emissions,161961.609375,prediction
2026-08-20 23:37:00,2026-08-21 15:37:00,India,Total emissions,162246.21875,prediction
2026-08-20 23:37:00,2026-08-21 16:37:00,India,Total emissions,162228.828125,prediction
2026-08-20 23:37:00,2026-08-21 17:37:00,India,Total emissions,162052.953125,prediction
2026-08-20 23:37:00,2026-08-21 18:37:00,India,Total emissions,161701.59375,prediction
2026-08-20 23:37:00,2026-08-21 19:37:00,India,Total emissions,162053.03125,prediction
2026-08-20 23:37:00,2026-08-21 20:37:00,India,Total emissions,161984.4375,prediction
2026-08-20 23:37:00,2026-08-21 21:37:00,India,Total emissions,162157.109375,prediction
2026-08-20 23:37:00,2026-08-21 22:37:00,India,Total emissions,162395.328125,prediction
2026-08-20 23:37:00,2026-08-21 23:37:00,India,Total emissions,161817.625,prediction
2026-08-20 23:37:00,2026-08-21 00:37:00,India,Total emissions,162180.984375,prediction
2026-08-20 23:37:00,2026-08-21 01:37:00,India,Total emissions,162143.125,prediction
2026-08-20 23:37:00,2026-08-21 02:37:00,India,Total emissions,162065.8125,prediction
2026-08-20 23:37:00,2026-08-21 03:37:00,India,Total emissions,162225.96875,prediction
2026-08-20 23:37:00,2026-08-21 04:37:00,India,Total emissions,162268.1875,prediction
2026-08-20 23:37:00,2026-08-21 05:37:00,India,Total emissions,162051.796875,prediction
2026-08-20 23:37:00,2026-08-21 06:37:00,India,Total emissions,162259.25,prediction
2026-08-20 23:37:00,2026-08-21 07:37:00,India,Total emissions,162223.28125,prediction
2026-08-20 23:37:00,2026-08-21 08:37:00,India,Total emissions,162085.984375,prediction
2026-08-20 23:37:00,2026-08-21 09:37:00,India,Total emissions,162169.28125,prediction
2026-08-20 23:37:00,2026-08-21 10:37:00,India,Total emissions,162031.46875,prediction
2026-08-20 23:37:00,2026-08-21 11:37:00,India,Total emissions,162054.921875,prediction
2026-08-20 23:37:00,2026-08-21 12:37:00,India,Total emissions,161889.765625,prediction
2026-08-20 23:37:00,2026-08-21 13:37:00,India,Total emissions,162125.828125,prediction
2026-08-20 23:37:00,2026-08-21 14:37:00,India,Total emissions,161961.609375,prediction
2026-08-20 23:37:00,2026-08-21 15:37:00,India,Total emissions,162246.21875,prediction
2026-08-20 23:37:00,2026-08-21 16:37:00,India,Total emissions,162228.828125,prediction
2026-08-20 23:37:00,2026-08-21 17:37:00,India,Total emissions,162052.953125,prediction
2026-08-20 23:37:00,2026-08-21 18:37:00,India,Total emissions,161701.59375,prediction
2026-08-20 23:37:00,2026-08-21 19:37:00,India,Total emissions,162053.03125,prediction
2026-08-20 23:37:00,2026-08-21 20:37:00,India,Total emissions,161984.4375,prediction
2026-08-20 23:37:00,2026-08-21 21:37:00,India,Total emissions,162157.109375,prediction
2026-08-20 23:37:00,2026-08-21 22:37:00,India,Total emissions,162395.328125,prediction
2026-08-20 23:37:00,2026-08-21 23:37:00,India,Total emissions,161817.625,prediction
2026-08-20 23:37:00,2026-08-21 00:37:00,India,Total emissions,162180.984375,prediction
2026-08-20 23:37:00,2026-08-21 01:37:00,India,Total emissions,162143.125,prediction
2026-08-20 23:37:00,2026-08-21 02:37:00,India,Total emissions,162065.8125,prediction
2026-08-20 23:37:00,2026-08-21 03:37:00,India,Total emissions,162225.96875,prediction
2026-08-20 23:37:00,2026-08-21 04:37:00,India,Total emissions,162268.1875,prediction
2026-08-20 23:37:00,2026-08-21 05:37:00,India,Total emissions,162051.796875,prediction
2026-08-20 23:37:00,2026-08-21 06:37:00,India,Total emissions,162259.25,prediction
2026-08-20 23:37:00,2026-08-21 07:37:00,India,Total emissions,162223.28125,prediction
2026-08-20 23:37:00,2026-08-21 08:37:00,India,Total emissions,162085.984375,prediction
2026-08-20 23:37:00,2026-08-21 09:37:00,India,Total emissions,162169.28125,prediction
2026-08-20 23:37:00,2026-08-21 10:37:00,India,Total emissions,162031.46875,prediction
2026-08-20 23:37:00,2026-08-21 11:37:00,India,Total emissions,162054.921875,prediction
2026-08-20 23:37:00,2026-08-21 12:37:00,India,Total emissions,161889.765625,prediction
2026-08-20 23:37:00,2026-08-21 13:37:00,India,Total emissions,162125.828125,prediction
2026-08-20 23:37:00,2026-08-21 14:37:00,India,Total emissions,161961.609375,prediction
2026-08-20 23:37:00,2026-08-21 15:37:00,India,Total emissions,162246.21875,prediction
2026-08-20 23:37:00,2026-08-21 16:37:00,India,Total emissions,162228.828125,prediction
2026-08-20 23:37:00,2026-08-21 17:37:00,India,Total emissions,162052.953125,prediction
2026-08-20 23:37:00,2026-08-21 18:37:00,India,Total emissions,161701.59375,prediction
2026-08-20 23:37:00,2026-08-21 19:37:00,India,Total emissions,162053.03125,prediction
2026-08-20 23:37:00,2026-08-21 20:37:00,India,Total emissions,161984.4375,prediction
2026-08-20 23:37:00,2026-08-21 21:37:00,India,Total emissions,162157.109375,prediction
2026-08-20 23:37:00,2026-08-21 22:37:00,India,Total emissions,162395.328125,prediction
2026-08-20 23:37:00,2026-08-21 23:37:00,India,Total emissions,161817.625,prediction
2026-08-20 23:38:00,2026-08-21 00:38:00,India,Total emissions,162180.984375,prediction
2026-08-20 23:38:00,2026-08-21 01:38:00,India,Total emissions,162143.125,prediction
2026-08-20 23:38:00,2026-08-21 02:38:00,India,Total emissions,162065.8125,prediction
2026-08-20 23:38:00,2026-08-21 03:38:00,India,Total emissions,162225.96875,prediction
2026-08-20 23:38:00,2026-08-21 04:38:00,India,Total emissions,162268.1875,prediction
2026-08-20 23:38:00,2026-08-21 05:38:00,India,Total emissions,162051.796875,prediction
2026-08-20 23:38:00,2026-08-21 06:38:00,India,Total emissions,162259.25,prediction
2026-08-20 23:38:00,2026-08-21 07:38:00,India,Total emissions,162223.28125,prediction
2026-08-20 23:38:00,2026-08-21 08:38:00,India,Total emissions,162085.984375,prediction
2026-08-20 23:38:00,2026-08-21 09:38:00,India,Total emissions,162169.28125,prediction
2026-08-20 23:38:00,2026-08-21 10:38:00,India,Total emissions,162031.46875,prediction
2026-08-20 23:38:00,2026-08-21 11:38:00,India,Total emissions,162054.921875,prediction
2026-08-20 23:38:00,2026-08-21 12:38:00,India,Total emissions,161889.765625,prediction
2026-08-20 23:38:00,2026-08-21 13:38:00,India,Total emissions,162125.828125,prediction
2026-08-20 23:38:00,2026-08-21 14:38:00,India,Total emissions,161961.609375,prediction
2026-08-20 23:38:00,2026-08-21 15:38:00,India,Total emissions,162246.21875,prediction
2026-08-20 23:38:00,2026-08-21 16:38:00,India,Total emissions,162228.828125,prediction
2026-08-20 23:38:00,2026-08-21 17:38:00,India,Total emissions,162052.953125,prediction
2026-08-20 23:38:00,2026-08-21 18:38:00,India,Total emissions,161701.59375,prediction
2026-08-20 23:38:00,2026-08-21 19:38:00,India,Total emissions,162053.03125,prediction
2026-08-20 23:38:00,2026-08-21 20:38:00,India,Total emissions,161984.4375,prediction
2026-08-20 23:38:00,2026-08-21 21:38:00,India,Total emissions,162157.109375,prediction
2026-08-20 23:38:00,2026-08-21 22:38:00,India,Total emissions,162395.328125,prediction
2026-08-20 23:38:00,2026-08-21 23:38:00,India,Total emissions,161817.625,prediction
2026-08-20 23:39:00,2026-08-21 00:39:00,India,Total emissions,162180.984375,prediction
2026-08-20 23:39:00,2026-08-21 01:39:00,India,Total emissions,162143.125,prediction
2026-08-20 23:39:00,2026-08-21 02:39:00,India,Total emissions,162065.8125,prediction
2026-08-20 23:39:00,2026-08-21 03:39:00,India,Total emissions,162225.96875,prediction
2026-08-20 23:39:00,2026-08-21 04:39:00,India,Total emissions,162268.1875,prediction
2026-08-20 23:39:00,2026-08-21 05:39:00,India,Total emissions,162051.796875,prediction
2026-08-20 23:39:00,2026-08-21 06:39:00,India,Total emissions,162259.25,prediction
2026-08-20 23:39:00,2026-08-21 07:39:00,India,Total emissions,162223.28125,prediction
2026-08-20 23:39:00,2026-08-21 08:39:00,India,Total emissions,162085.984375,prediction
2026-08-20 23:39:00,2026-08-21 09:39:00,India,Total emissions,162169.28125,prediction
2026-08-20 23:39:00,2026-08-21 10:39:00,India,Total emissions,162031.46875,prediction
2026-08-20 23:39:00,2026-08-21 11:39:00,India,Total emissions,162054.921875,prediction
2026-08-20 23:39:00,2026-08-21 12:39:00,India,Total emissions,161889.765625,prediction
2026-08-20 23:39:00,2026-08-21 13:39:00,India,Total emissions,162125.828125,prediction
2026-08-20 23:39:00,2026-08-21 14:39:00,India,Total emissions,161961.609375,prediction
2026-08-20 23:39:00,2026-08-21 15:39:00,India,Total emissions,162246.21875,prediction
2026-08-20 23:39:00,2026-08-21 16:39:00,India,Total emissions,162228.828125,prediction
2026-08-20 23:39:00,2026-08-21 17:39:00,India,Total emissions,162052.953125,prediction
2026-08-20 23:39:00,2026-08-21 18:39:00,India,Total emissions,161701.59375,prediction
2026-08-20 23:39:00,2026-08-21 19:39:00,India,Total emissions,162053.03125,prediction
2026-08-20 23:39:00,2026-08-21 20:39:00,India,Total emissions,161984.4375,prediction
2026-08-20 23:39:00,2026-08-21 21:39:00,India,Total emissions,162157.109375,prediction
2026-08-20 23:39:00,2026-08-21 22:39:00,India,Total emissions,162395.328125,prediction
2026-08-20 23:39:00,2026-08-21 23:39:00,India,Total emissions,161817.625,prediction
2026-08-20 23:39:00,2026-08-21 00:39:00,India,Total emissions,162180.984375,prediction
2026-08-20 23:39:00,2026-08-21 01:39:00,India,Total emissions,162143.125,prediction
2026-08-20 23:39:00,2026-08-21 02:39:00,India,Total emissions,162065.8125,prediction
2026-08-20 23:39:00,2026-08-21 03:39:00,India,Total emissions,162225.96875,prediction
2026-08-20 23:39:00,2026-08-21 04:39:00,India,Total emissions,162268.1875,prediction
2026-08-20 23:39:00,2026-08-21 05:39:00,India,Total emissions,162051.796875,prediction
2026-08-20 23:39:00,2026-08-21 06:39:00,India,Total emissions,162259.25,prediction
2026-08-20 23:39:00,2026-08-21 07:39:00,India,Total emissions,162223.28125,prediction
2026-08-20 23:39:00,2026-08-21 08:39:00,India,Total emissions,162085.984375,prediction
2026-08-20 23:39:00,2026-08-21 09:39:00,India,Total emissions,162169.28125,prediction
2026-08-20 23:39:00,2026-08-21 10:39:00,India,Total emissions,162031.46875,prediction
2026-08-20 23:39:00,2026-08-21 11:39:00,India,Total emissions,162054.921875,prediction
2026-08-20 23:39:00,2026-08-21 12:39:00,India,Total emissions,161889.765625,prediction
2026-08-20 23:39:00,2026-08-21 13:39:00,India,Total emissions,162125.828125,prediction
2026-08-20 23:39:00,2026-08-21 14:39:00,India,Total emissions,161961.609375,prediction
2026-08-20 23:39:00,2026-08-21 15:39:00,India,Total emissions,162246.21875,prediction
2026-08-20 23:39:00,2026-08-21 16:39:00,India,Total emissions,162228.828125,prediction
2026-08-20 23:39:00,2026-08-21 17:39:00,India,Total emissions,162052.953125,prediction
2026-08-20 23:39:00,2026-08-21 18:39:00,India,Total emissions,161701.59375,prediction
2026-08-20 23:39:00,2026-08-21 19:39:00,India,Total emissions,162053.03125,prediction
2026-08-20 23:39:00,2026-08-21 20:39:00,India,Total emissions,161984.4375,prediction
2026-08-20 23:39:00,2026-08-21 21:39:00,India,Total emissions,162157.109375,prediction
2026-08-20 23:39:00,2026-08-21 22:39:00,India,Total emissions,162395.328125,prediction
2026-08-20 23:39:00,2026-08-21 23:39:00,India,Total emissions,161817.625,prediction
2026-08-20 23:39:00,2026-08-21 00:39:00,India,Total emissions,162180.984375,prediction
2026-08-20 23:39:00,2026-08-21 01:39:00,India,Total emissions,162143.125,prediction
2026-08-20 23:39:00,2026-08-21 02:39:00,India,Total emissions,162065.8125,prediction
2026-08-20 23:39:00,2026-08-21 03:39:00,India,Total emissions,162225.96875,prediction
2026-08-20 23:39:00,2026-08-21 04:39:00,India,Total emissions,162268.1875,prediction
2026-08-20 23:39:00,2026-08-21 05:39:00,India,Total emissions,162051.796875,prediction
2026-08-20 23:39:00,2026-08-21 06:39:00,India,Total emissions,162259.25,prediction
2026-08-20 23:39:00,2026-08-21 07:39:00,India,Total emissions,162223.28125,prediction
2026-08-20 23:39:00,2026-08-21 08:39:00,India,Total emissions,162085.984375,prediction
2026-08-20 23:39:00,2026-08-21 09:39:00,India,Total emissions,162169.28125,prediction
2026-08-20 23:39:00,2026-08-21 10:39:00,India,Total emissions,162031.46875,prediction
2026-08-20 23:39:00,2026-08-21 11:39:00,India,Total emissions,162054.921875,prediction
2026-08-20 23:39:00,2026-08-21 12:39:00,India,Total emissions,161889.765625,prediction
2026-08-20 23:39:00,2026-08-21 13:39:00,India,Total emissions,162125.828125,prediction
2026-08-20 23:39:00,2026-08-21 14:39:00,India,Total emissions,161961.609375,prediction
2026-08-20 23:39:00,2026-08-21 15:39:00,India,Total emissions,162246.21875,prediction
2026-08-20 23:39:00,2026-08-21 16:39:00,India,Total emissions,162228.828125,prediction
2026-08-20 23:39:00,2026-08-21 17:39:00,India,Total emissions,162052.953125,prediction
2026-08-20 23:39:00,2026-08-21 18:39:00,India,Total emissions,161701.59375,prediction
2026-08-20 23:39:00,2026-08-21 19:39:00,India,Total emissions,162053.03125,prediction
2026-08-20 23:39:00,2026-08-21 20:39:00,India,Total emissions,161984.4375,prediction
2026-08-20 23:39:00,2026-08-21 21:39:00,India,Total emissions,162157.109375,prediction
2026-08-20 23:39:00,2026-08-21 22:39:00,India,Total emissions,162395.328125,prediction
2026-08-20 23:39:00,2026-08-21 23:39:00,India,Total emissions,161817.625,prediction
2026-08-20 23:39:00,2026-08-21 00:39:00,India,Total emissions,162180.984375,prediction
2026-08-20 23:39:00,2026-08-21 01:39:00,India,Total emissions,162143.125,prediction
2026-08-20 23:39:00,2026-08-21 02:39:00,India,Total emissions,162065.8125,prediction
2026-08-20 23:39:00,2026-08-21 03:39:00,India,Total emissions,162225.96875,prediction
2026-08-20 23:39:00,2026-08-21 04:39:00,India,Total emissions,162268.1875,prediction
2026-08-20 23:39:00,2026-08-21 05:39:00,India,Total emissions,162051.796875,prediction
2026-08-20 23:39:00,2026-08-21 06:39:00,India,Total emissions,162259.25,prediction
2026-08-20 23:39:00,2026-08-21 07:39:00,India,Total emissions,162223.28125,prediction
2026-08-20 23:39:00,2026-08-21 08:39:00,India,Total emissions,162085.984375,prediction
2026-08-20 23:39:00,2026-08-21 09:39:00,India,Total emissions,162169.28125,prediction
2026-08-20 23:39:00,2026-08-21 10:39:00,India,Total emissions,162031.46875,prediction
2026-08-20 23:39:00,2026-08-21 11:39:00,India,Total emissions,162054.921875,prediction
2026-08-20 23:39:00,2026-08-21 12:39:00,India,Total emissions,161889.765625,prediction
2026-08-20 23:39:00,2026-08-21 13:39:00,India,Total emissions,162125.828125,prediction
2026-08-20 23:39:00,2026-08-21 14:39:00,India,Total emissions,161961.609375,prediction
2026-08-20 23:39:00,2026-08-21 15:39:00,India,Total emissions,162246.21875,prediction
2026-08-20 23:39:00,2026-08-21 16:39:00,India,Total emissions,162228.828125,prediction
2026-08-20 23:39:00,2026-08-21 17:39:00,India,Total emissions,162052.953125,prediction
2026-08-20 23:39:00,2026-08-21 18:39:00,India,Total emissions,161701.59375,prediction
2026-08-20 23:39:00,2026-08-21 19:39:00,India,Total emissions,162053.03125,prediction
2026-08-20 23:39:00,2026-08-21 20:39:00,India,Total emissions,161984.4375,prediction
2026-08-20 23:39:00,2026-08-21 21:39:00,India,Total emissions,162157.109375,prediction
2026-08-20 23:39:00,2026-08-21 22:39:00,India,Total emissions,162395.328125,prediction
2026-08-20 23:39:00,2026-08-21 23:39:00,India,Total emissions,161817.625,prediction
2026-08-20 23:39:00,2026-08-21 00:39:00,India,Total emissions,162180.984375,prediction
2026-08-20 23:39:00,2026-08-21 01:39:00,India,Total emissions,162143.125,prediction
2026-08-20 23:39:00,2026-08-21 02:39:00,India,Total emissions,162065.8125,prediction
2026-08-20 23:39:00,2026-08-21 03:39:00,India,Total emissions,162225.96875,prediction
2026-08-20 23:39:00,2026-08-21 04:39:00,India,Total emissions,162268.1875,prediction
2026-08-20 23:39:00,2026-08-21 05:39:00,India,Total emissions,162051.796875,prediction
2026-08-20 23:39:00,2026-08-21 06:39:00,India,Total emissions,162259.25,prediction
2026-08-20 23:39:00,2026-08-21 07:39:00,India,Total emissions,162223.28125,prediction
2026-08-20 23:39:00,2026-08-21 08:39:00,India,Total emissions,162085.984375,prediction
2026-08-20 23:39:00,2026-08-21 09:39:00,India,Total emissions,162169.28125,prediction
2026-08-20 23:39:00,2026-08-21 10:39:00,India,Total emissions,162031.46875,prediction
2026-08-20 23:39:00,2026-08-21 11:39:00,India,Total emissions,162054.921875,prediction
2026-08-20 23:39:00,2026-08-21 12:39:00,India,Total emissions,161889.765625,prediction
2026-08-20 23:39:00,2026-08-21 13:39:00,India,Total emissions,162125.828125,prediction
2026-08-20 23:39:00,2026-08-21 14:39:00,India,Total emissions,161961.609375,prediction
2026-08-20 23:39:00,2026-08-21 15:39:00,India,Total emissions,162246.21875,prediction
2026-08-20 23:39:00,2026-08-21 16:39:00,India,Total emissions,162228.828125,prediction
2026-08-20 23:39:00,2026-08-21 17:39:00,India,Total emissions,162052.953125,prediction
2026-08-20 23:39:00,2026-08-21 18:39:00,India,Total emissions,161701.59375,prediction
2026-08-20 23:39:00,2026-08-21 19:39:00,India,Total emissions,162053.03125,prediction
2026-08-20 23:39:00,2026-08-21 20:39:00,India,Total emissions,161984.4375,prediction
2026-08-20 23:39:00,2026-08-21 21:39:00,India,Total emissions,162157.109375,prediction
2026-08-20 23:39:00,2026-08-21 22:39:00,India,Total emissions,162395.328125,prediction
2026-08-20 23:39:00,2026-08-21 23:39:00,India,Total emissions,161817.625,prediction
2026-08-20 23:40:00,2026-08-21 00:40:00,India,Total emissions,162180.984375,prediction
2026-08-20 23:40:00,2026-08-21 01:40:00,India,Total emissions,162143.125,prediction
2026-08-20 23:40:00,2026-08-21 02:40:00,India,Total emissions,162065.8125,prediction
2026-08-20 23:40:00,2026-08-21 03:40:00,India,Total emissions,162225.96875,prediction
2026-08-20 23:40:00,2026-08-21 04:40:00,India,Total emissions,162268.1875,prediction
2026-08-20 23:40:00,2026-08-21 05:40:00,India,Total emissions,162051.796875,prediction
2026-08-20 23:40:00,2026-08-21 06:40:00,India,Total emissions,162259.25,prediction
2026-08-20 23:40:00,2026-08-21 07:40:00,India,Total emissions,162223.28125,prediction
2026-08-20 23:40:00,2026-08-21 08:40:00,India,Total emissions,162085.984375,prediction
2026-08-20 23:40:00,2026-08-21 09:40:00,India,Total emissions,162169.28125,prediction
2026-08-20 23:40:00,2026-08-21 10:40:00,India,Total emissions,162031.46875,prediction
2026-08-20 23:40:00,2026-08-21 11:40:00,India,Total emissions,162054.921875,prediction
2026-08-20 23:40:00,2026-08-21 12:40:00,India,Total emissions,161889.765625,prediction
2026-08-20 23:40:00,2026-08-21 13:40:00,India,Total emissions,162125.828125,prediction
2026-08-20 23:40:00,2026-08-21 14:40:00,India,Total emissions,161961.609375,prediction
2026-08-20 23:40:00,2026-08-21 15:40:00,India,Total emissions,162246.21875,prediction
2026-08-20 23:40:00,2026-08-21 16:40:00,India,Total emissions,162228.828125,prediction
2026-08-20 23:40:00,2026-08-21 17:40:00,India,Total emissions,162052.953125,prediction
2026-08-20 23:40:00,2026-08-21 18:40:00,India,Total emissions,161701.59375,prediction
2026-08-20 23:40:00,2026-08-21 19:40:00,India,Total emissions,162053.03125,prediction
2026-08-20 23:40:00,2026-08-21 20:40:00,India,Total emissions,161984.4375,prediction
2026-08-20 23:40:00,2026-08-21 21:40:00,India,Total emissions,162157.109375,prediction
2026-08-20 23:40:00,2026-08-21 22:40:00,India,Total emissions,162395.328125,prediction
2026-08-20 23:40:00,2026-08-21 23:40:00,India,Total emissions,161817.625,prediction
2026-08-20 23:41:00,2026-08-21 00:41:00,India,Total emissions,162180.984375,prediction
2026-08-20 23:41:00,2026-08-21 01:41:00,India,Total emissions,162143.125,prediction
2026-08-20 23:41:00,2026-08-21 02:41:00,India,Total emissions,162065.8125,prediction
2026-08-20 23:41:00,2026-08-21 03:41:00,India,Total emissions,162225.96875,prediction
2026-08-20 23:41:00,2026-08-21 04:41:00,India,Total emissions,162268.1875,prediction
2026-08-20 23:41:00,2026-08-21 05:41:00,India,Total emissions,162051.796875,prediction
2026-08-20 23:41:00,2026-08-21 06:41:00,India,Total emissions,162259.25,prediction
2026-08-20 23:41:00,2026-08-21 07:41:00,India,Total emissions,162223.28125,prediction
2026-08-20 23:41:00,2026-08-21 08:41:00,India,Total emissions,162085.984375,prediction
2026-08-20 23:41:00,2026-08-21 09:41:00,India,Total emissions,162169.28125,prediction
2026-08-20 23:41:00,2026-08-21 10:41:00,India,Total emissions,162031.46875,prediction
2026-08-20 23:41:00,2026-08-21 11:41:00,India,Total emissions,162054.921875,prediction
2026-08-20 23:41:00,2026-08-21 12:41:00,India,Total emissions,161889.765625,prediction
2026-08-20 23:41:00,2026-08-21 13:41:00,India,Total emissions,162125.828125,prediction
2026-08-20 23:41:00,2026-08-21 14:41:00,India,Total emissions,161961.609375,prediction
2026-08-20 23:41:00,2026-08-21 15:41:00,India,Total emissions,162246.21875,prediction
2026-08-20 23:41:00,2026-08-21 16:41:00,India,Total emissions,162228.828125,prediction
2026-08-20 23:41:00,2026-08-21 17:41:00,India,Total emissions,162052.953125,prediction
2026-08-20 23:41:00,2026-08-21 18:41:00,India,Total emissions,161701.59375,prediction
2026-08-20 23:41:00,2026-08-21 19:41:00,India,Total emissions,162053.03125,prediction
2026-08-20 23:41:00,2026-08-21 20:41:00,India,Total emissions,161984.4375,prediction
2026-08-20 23:41:00,2026-08-21 21:41:00,India,Total emissions,162157.109375,prediction
2026-08-20 23:41:00,2026-08-21 22:41:00,India,Total emissions,162395.328125,prediction
2026-08-20 23:41:00,2026-08-21 23:41:00,India,Total emissions,161817.625,prediction
2026-08-20 23:42:00,2026-08-21 00:42:00,India,Total emissions,162180.984375,prediction
2026-08-20 23:42:00,2026-08-21 01:42:00,India,Total emissions,162143.125,prediction
2026-08-20 23:42:00,2026-08-21 02:42:00,India,Total emissions,162065.8125,prediction
2026-08-20 23:42:00,2026-08-21 03:42:00,India,Total emissions,162225.96875,prediction
2026-08-20 23:42:00,2026-08-21 04:42:00,India,Total emissions,162268.1875,prediction
2026-08-20 23:42:00,2026-08-21 05:42:00,India,Total emissions,162051.796875,prediction
2026-08-20 23:42:00,2026-08-21 06:42:00,India,Total emissions,162259.25,prediction
2026-08-20 23:42:00,2026-08-21 07:42:00,India,Total emissions,162223.28125,prediction
2026-08-20 23:42:00,2026-08-21 08:42:00,India,Total emissions,162085.984375,prediction
2026-08-20 23:42:00,2026-08-21 09:42:00,India,Total emissions,162169.28125,prediction
2026-08-20 23:42:00,2026-08-21 10:42:00,India,Total emissions,162031.46875,prediction
2026-08-20 23:42:00,2026-08-21 11:42:00,India,Total emissions,162054.921875,prediction
2026-08-20 23:42:00,2026-08-21 12:42:00,India,Total emissions,161889.765625,prediction
2026-08-20 23:42:00,2026-08-21 13:42:00,India,Total emissions,162125.828125,prediction
2026-08-20 23:42:00,2026-08-21 14:42:00,India,Total emissions,161961.609375,prediction
2026-08-20 23:42:00,2026-08-21 15:42:00,India,Total emissions,162246.21875,prediction
2026-08-20 23:42:00,2026-08-21 16:42:00,India,Total emissions,162228.828125,prediction
2026-08-20 23:42:00,2026-08-21 17:42:00,India,Total emissions,162052.953125,prediction
2026-08-20 23:42:00,2026-08-21 18:42:00,India,Total emissions,161701.59375,prediction
2026-08-20 23:42:00,2026-08-21 19:42:00,India,Total emissions,162053.03125,prediction
2026-08-20 23:42:00,2026-08-21 20:42:00,India,Total emissions,161984.4375,prediction
2026-08-20 23:42:00,2026-08-21 21:42:00,India,Total emissions,162157.109375,prediction
2026-08-20 23:42:00,2026-08-21 22:42:00,India,Total emissions,162395.328125,prediction
2026-08-20 23:42:00,2026-08-21 23:42:00,India,Total emissions,161817.625,prediction
2026-08-20 23:47:00,2026-08-21 00:47:00,India,Total emissions,162180.984375,prediction
2026-08-20 23:47:00,2026-08-21 01:47:00,India,Total emissions,162143.125,prediction
2026-08-20 23:47:00,2026-08-21 02:47:00,India,Total emissions,162065.8125,prediction
2026-08-20 23:47:00,2026-08-21 03:47:00,India,Total emissions,162225.96875,prediction
2026-08-20 23:47:00,2026-08-21 04:47:00,India,Total emissions,162268.1875,prediction
2026-08-20 23:47:00,2026-08-21 05:47:00,India,Total emissions,162051.796875,prediction
2026-08-20 23:47:00,2026-08-21 06:47:00,India,Total emissions,162259.25,prediction
2026-08-20 23:47:00,2026-08-21 07:47:00,India,Total emissions,162223.28125,prediction
2026-08-20 23:47:00,2026-08-21 08:47:00,India,Total emissions,162085.984375,prediction
2026-08-20 23:47:00,2026-08-21 09:47:00,India,Total emissions,162169.28125,prediction
2026-08-20 23:47:00,2026-08-21 10:47:00,India,Total emissions,162031.46875,prediction
2026-08-20 23:47:00,2026-08-21 11:47:00,India,Total emissions,162054.921875,prediction
2026-08-20 23:47:00,2026-08-21 12:47:00,India,Total emissions,161889.765625,prediction
2026-08-20 23:47:00,2026-08-21 13:47:00,India,Total emissions,162125.828125,prediction
2026-08-20 23:47:00,2026-08-21 14:47:00,India,Total emissions,161961.609375,prediction
2026-08-20 23:47:00,2026-08-21 15:47:00,India,Total emissions,162246.21875,prediction
2026-08-20 23:47:00,2026-08-21 16:47:00,India,Total emissions,162228.828125,prediction
2026-08-20 23:47:00,2026-08-21 17:47:00,India,Total emissions,162052.953125,prediction
2026-08-20 23:47:00,2026-08-21 18:47:00,India,Total emissions,161701.59375,prediction
2026-08-20 23:47:00,2026-08-21 19:47:00,India,Total emissions,162053.03125,prediction
2026-08-20 23:47:00,2026-08-21 20:47:00,India,Total emissions,161984.4375,prediction
2026-08-20 23:47:00,2026-08-21 21:47:00,India,Total emissions,162157.109375,prediction
2026-08-20 23:47:00,2026-08-21 22:47:00,India,Total emissions,162395.328125,prediction
2026-08-20 23:47:00,2026-08-21 23:47:00,India,Total emissions,161817.625,prediction
2026-08-20 23:47:00,2026-08-21 00:47:00,India,Total emissions,162180.984375,prediction
2026-08-20 23:47:00,2026-08-21 01:47:00,India,Total emissions,162143.125,prediction
2026-08-20 23:47:00,2026-08-21 02:47:00,India,Total emissions,162065.8125,prediction
2026-08-20 23:47:00,2026-08-21 03:47:00,India,Total emissions,162225.96875,prediction
2026-08-20 23:47:00,2026-08-21 04:47:00,India,Total emissions,162268.1875,prediction
2026-08-20 23:47:00,2026-08-21 05:47:00,India,Total emissions,162051.796875,prediction
2026-08-20 23:47:00,2026-08-21 06:47:00,India,Total emissions,162259.25,prediction
2026-08-20 23:47:00,2026-08-21 07:47:00,India,Total emissions,162223.28125,prediction
2026-08-20 23:47:00,2026-08-21 08:47:00,India,Total emissions,162085.984375,prediction
2026-08-20 23:47:00,2026-08-21 09:47:00,India,Total emissions,162169.28125,prediction
2026-08-20 23:47:00,2026-08-21 10:47:00,India,Total emissions,162031.46875,prediction
2026-08-20 23:47:00,2026-08-21 11:47:00,India,Total emissions,162054.921875,prediction
2026-08-20 23:47:00,2026-08-21 12:47:00,India,Total emissions,161889.765625,prediction
2026-08-20 23:47:00,2026-08-21 13:47:00,India,Total emissions,162125.828125,prediction
2026-08-20 23:47:00,2026-08-21 14:47:00,India,Total emissions,161961.609375,prediction
2026-08-20 23:47:00,2026-08-21 15:47:00,India,Total emissions,162246.21875,prediction
2026-08-20 23:47:00,2026-08-21 16:47:00,India,Total emissions,162228.828125,prediction
2026-08-20 23:47:00,2026-08-21 17:47:00,India,Total emissions,162052.953125,prediction
2026-08-20 23:47:00,2026-08-21 18:47:00,India,Total emissions,161701.59375,prediction
2026-08-20 23:47:00,2026-08-21 19:47:00,India,Total emissions,162053.03125,prediction
2026-08-20 23:47:00,2026-08-21 20:47:00,India,Total emissions,161984.4375,prediction
2026-08-20 23:47:00,2026-08-21 21:47:00,India,Total emissions,162157.109375,prediction
2026-08-20 23:47:00,2026-08-21 22:47:00,India,Total emissions,162395.328125,prediction
2026-08-20 23:47:00,2026-08-21 23:47:00,India,Total emissions,161817.625,prediction
2026-08-21 01:01:00,2026-08-21 02:01:00,India,Total emissions,162151.796875,prediction
2026-08-21 01:01:00,2026-08-21 03:01:00,India,Total emissions,162132.421875,prediction
2026-08-21 01:01:00,2026-08-21 04:01:00,India,Total emissions,162346.421875,prediction
2026-08-21 01:01:00,2026-08-21 05:01:00,India,Total emissions,162061.90625,prediction
2026-08-21 01:01:00,2026-08-21 06:01:00,India,Total emissions,161909.578125,prediction
2026-08-21 01:01:00,2026-08-21 07:01:00,India,Total emissions,162082.078125,prediction
2026-08-21 01:01:00,2026-08-21 08:01:00,India,Total emissions,162160.8125,prediction
2026-08-21 01:01:00,2026-08-21 09:01:00,India,Total emissions,162189.8125,prediction
2026-08-21 01:01:00,2026-08-21 10:01:00,India,Total emissions,161907.671875,prediction
2026-08-21 01:01:00,2026-08-21 11:01:00,India,Total emissions,161920.84375,prediction
2026-08-21 01:01:00,2026-08-21 12:01:00,India,Total emissions,161852.671875,prediction
2026-08-21 01:01:00,2026-08-21 13:01:00,India,Total emissions,162141.71875,prediction
2026-08-21 01:01:00,2026-08-21 14:01:00,India,Total emissions,162218.484375,prediction
2026-08-21 01:01:00,2026-08-21 15:01:00,India,Total emissions,161841.390625,prediction
2026-08-21 01:01:00,2026-08-21 16:01:00,India,Total emissions,162427.484375,prediction
2026-08-21 01:01:00,2026-08-21 17:01:00,India,Total emissions,161856.09375,prediction
2026-08-21 01:01:00,2026-08-21 18:01:00,India,Total emissions,162175.28125,prediction
2026-08-21 01:01:00,2026-08-21 19:01:00,India,Total emissions,162251.78125,prediction
2026-08-21 01:01:00,2026-08-21 20:01:00,India,Total emissions,162198.53125,prediction
2026-08-21 01:01:00,2026-08-21 21:01:00,India,Total emissions,162029.078125,prediction
2026-08-21 01:01:00,2026-08-21 22:01:00,India,Total emissions,161893.203125,prediction
2026-08-21 01:01:00,2026-08-21 23:01:00,India,Total emissions,162133.0,prediction
2026-08-21 01:01:00,2026-08-22 00:01:00,India,Total emissions,161975.796875,prediction
2026-08-21 01:01:00,2026-08-22 01:01:00,India,Total emissions,162306.75,prediction
2026-09-16 10:33:00,2026-09-16 11:33:00,India,Total emissions,162151.796875,prediction
2026-09-16 10:33:00,2026-09-16 12:33:00,India,Total emissions,162132.421875,prediction
2026-09-16 10:33:00,2026-09-16 13:33:00,India,Total emissions,162346.421875,prediction
2026-09-16 10:33:00,2026-09-16 14:33:00,India,Total emissions,162061.90625,prediction
2026-09-16 10:33:00,2026-09-16 15:33:00,India,Total emissions,161909.578125,prediction
2026-09-16 10:33:00,2026-09-16 16:33:00,India,Total emissions,162082.078125,prediction
2026-09-16 10:33:00,2026-09-16 17:33:00,India,Total emissions,162160.8125,prediction
2026-09-16 10:33:00,2026-09-16 18:33:00,India,Total emissions,162189.8125,prediction
2026-09-16 10:33:00,2026-09-16 19:33:00,India,Total emissions,161907.671875,prediction
2026-09-16 10:33:00,2026-09-16 20:33:00,India,Total emissions,161920.84375,prediction
2026-09-16 10:33:00,2026-09-16 21:33:00,India,Total emissions,161852.671875,prediction
2026-09-16 10:33:00,2026-09-16 22:33:00,India,Total emissions,162141.71875,prediction
2026-09-16 10:33:00,2026-09-16 23:33:00,India,Total emissions,162218.484375,prediction
2026-09-16 10:33:00,2026-09-17 00:33:00,India,Total emissions,161841.390625,prediction
2026-09-16 10:33:00,2026-09-17 01:33:00,India,Total emissions,162427.484375,prediction
2026-09-16 10:33:00,2026-09-17 02:33:00,India,Total emissions,161856.09375,prediction
2026-09-16 10:33:00,2026-09-17 03:33:00,India,Total emissions,162175.28125,prediction
2026-09-16 10:33:00,2026-09-17 04:33:00,India,Total emissions,162251.78125,prediction
2026-09-16 10:33:00,2026-09-17 05:33:00,India,Total emissions,162198.53125,prediction
2026-09-16 10:33:00,2026-09-17 06:33:00,India,Total emissions,162029.078125,prediction
2026-09-16 10:33:00,2026-09-17 07:33:00,India,Total emissions,161893.203125,prediction
2026-09-16 10:33:00,2026-09-17 08:33:00,India,Total emissions,162133.0,prediction
2026-09-16 10:33:00,2026-09-17 09:33:00,India,Total emissions,161975.796875,prediction
2026-09-16 10:33:00,2026-09-17 10:33:00,India,Total emissions,162306.75,prediction
2026-09-29 22:53:00,2026-09-29 23:53:00,India,Total emissions,0.3199999928474426,prediction
2026-09-29 22:53:00,2026-09-30 00:53:00,India,Total emissions,368.8699951171875,prediction
2026-09-29 22:53:00,2026-09-30 01:53:00,India,Total emissions,62.93000030517578,prediction
2026-09-29 22:53:00,2026-09-30 02:53:00,India,Total emissions,171.33999633789062,prediction
2026-09-29 22:53:00,2026-09-30 03:53:00,India,Total emissions,158.6300048828125,prediction
2026-09-29 22:53:00,2026-09-30 04:53:00,India,Total emissions,0.3199999928474426,prediction
2026-09-29 22:53:00,2026-09-30 05:53:00,India,Total emissions,123.5,prediction
2026-09-29 22:53:00,2026-09-30 06:53:00,India,Total emissions,0.3199999928474426,prediction
2026-09-29 22:53:00,2026-09-30 07:53:00,India,Total emissions,300.2699890136719,prediction
2026-09-29 22:53:00,2026-09-30 08:53:00,India,Total emissions,214.11000061035156,prediction
2026-09-29 22:53:00,2026-09-30 09:53:00,India,Total emissions,182.77999877929688,prediction
2026-09-29 22:53:00,2026-09-30 10:53:00,India,Total emissions,65.5199966430664,prediction
2026-09-29 22:53:00,2026-09-30 11:53:00,India,Total emissions,154.30999755859375,prediction
2026-09-29 22:53:00,2026-09-30 12:53:00,India,Total emissions,362.80999755859375,prediction
2026-09-29 22:53:00,2026-09-30 13:53:00,India,Total emissions,0.3199999928474426,prediction
2026-09-29 22:53:00,2026-09-30 14:53:00,India,Total emissions,94.51000213623047,prediction
2026-09-29 22:53:00,2026-09-30 15:53:00,India,Total emissions,0.3199999928474426,prediction
2026-09-29 22:53:00,2026-09-30 16:53:00,India,Total emissions,595.3699951171875,prediction
2026-09-29 22:53:00,2026-09-30 17:53:00,India,Total emissions,0.3199999928474426,prediction
2026-09-29 22:53:00,2026-09-30 18:53:00,India,Total emissions,0.3199999928474426,prediction
2026-09-29 22:53:00,2026-09-30 19:53:00,India,Total emissions,0.3199999928474426,prediction
2026-09-29 22:53:00,2026-09-30 20:53:00,India,Total emissions,98.62000274658203,prediction
2026-09-29 22:53:00,2026-09-30 21:53:00,India,Total emissions,0.3199999928474426,prediction
2026-09-29 22:53:00,2026-09-30 22:53:00,India,Total emissions,0.3199999928474426,prediction
2026-09-29 22:55:00,2026-09-29 23:55:00,India,Total emissions,0.3199999928474426,prediction
2026-09-29 22:55:00,2026-09-30 00:55:00,India,Total emissions,368.8699951171875,prediction
2026-09-29 22:55:00,2026-09-30 01:55:00,India,Total emissions,62.93000030517578,prediction
2026-09-29 22:55:00,2026-09-30 02:55:00,India,Total emissions,171.33999633789062,prediction
2026-09-29 22:55:00,2026-09-30 03:55:00,India,Total emissions,158.6300048828125,prediction
2026-09-29 22:55:00,2026-09-30 04:55:00,India,Total emissions,0.3199999928474426,prediction
2026-09-29 22:55:00,2026-09-30 05:55:00,India,Total emissions,123.5,prediction
2026-09-29 22:55:00,2026-09-30 06:55:00,India,Total emissions,0.3199999928474426,prediction
2026-09-29 22:55:00,2026-09-30 07:55:00,India,Total emissions,300.2699890136719,prediction
2026-09-29 22:55:00,2026-09-30 08:55:00,India,Total emissions,214.11000061035156,prediction
2026-09-29 22:55:00,2026-09-30 09:55:00,India,Total emissions,182.77999877929688,prediction
2026-09-29 22:55:00,2026-09-30 10:55:00,India,Total emissions,65.5199966430664,prediction
2026-09-29 22:55:00,2026-09-30 11:55:00,India,Total emissions,154.30999755859375,prediction
2026-09-29 22:55:00,2026-09-30 12:55:00,India,Total emissions,362.80999755859375,prediction
2026-09-29 22:55:00,2026-09-30 13:55:00,India,Total emissions,0.3199999928474426,prediction
2026-09-29 22:55:00,2026-09-30 14:55:00,India,Total emissions,94.51000213623047,prediction
2026-09-29 22:55:00,2026-09-30 15:55:00,India,Total emissions,0.3199999928474426,prediction
2026-09-29 22:55:00,2026-09-30 16:55:00,India,Total emissions,595.3699951171875,prediction
2026-09-29 22:55:00,2026-09-30 17:55:00,India,Total emissions,0.3199999928474426,prediction
2026-09-29 22:55:00,2026-09-30 18:55:00,India,Total emissions,0.3199999928474426,prediction
2026-09-29 22:55:00,2026-09-30 19:55:00,India,Total emissions,0.3199999928474426,prediction
2026-09-29 22:55:00,2026-09-30 20:55:00,India,Total emissions,98.62000274658203,prediction
2026-09-29 22:55:00,2026-09-30 21:55:00,India,Total emissions,0.3199999928474426,prediction
2026-09-29 22:55:00,2026-09-30 22:55:00,India,Total emissions,0.3199999928474426,prediction
2026-09-29 22:55:00,2026-09-29 23:55:00,India,Total emissions,0.3199999928474426,prediction
2026-09-29 22:55:00,2026-09-30 00:55:00,India,Total emissions,368.8699951171875,prediction
2026-09-29 22:55:00,2026-09-30 01:55:00,India,Total emissions,62.93000030517578,prediction
2026-09-29 22:55:00,2026-09-30 02:55:00,India,Total emissions,171.33999633789062,prediction
2026-09-29 22:55:00,2026-09-30 03:55:00,India,Total emissions,158.6300048828125,prediction
2026-09-29 22:55:00,2026-09-30 04:55:00,India,Total emissions,0.3199999928474426,prediction
2026-09-29 22:55:00,2026-09-30 05:55:00,India,Total emissions,123.5,prediction
2026-09-29 22:55:00,2026-09-30 06:55:00,India,Total emissions,0.3199999928474426,prediction
2026-09-29 22:55:00,2026-09-30 07:55:00,India,Total emissions,300.2699890136719,prediction
2026-09-29 22:55:00,2026-09-30 08:55:00,India,Total emissions,214.11000061035156,prediction
2026-09-29 22:55:00,2026-09-30 09:55:00,India,Total emissions,182.77999877929688,prediction
2026-09-29 22:55:00,2026-09-30 10:55:00,India,Total emissions,65.5199966430664,prediction
2026-09-29 22:55:00,2026-09-30 11:55:00,India,Total emissions,154.30999755859375,prediction
2026-09-29 22:55:00,2026-09-30 12:55:00,India,Total emissions,362.80999755859375,prediction
2026-09-29 22:55:00,2026-09-30 13:55:00,India,Total emissions,0.3199999928474426,prediction
2026-09-29 22:55:00,2026-09-30 14:55:00,India,Total emissions,94.51000213623047,prediction
2026-09-29 22:55:00,2026-09-30 15:55:00,India,Total emissions,0.3199999928474426,prediction
2026-09-29 22:55:00,2026-09-30 16:55:00,India,Total emissions,595.3699951171875,prediction
2026-09-29 22:55:00,2026-09-30 17:55:00,India,Total emissions,0.3199999928474426,prediction
2026-09-29 22:55:00,2026-09-30 18:55:00,India,Total emissions,0.3199999928474426,prediction
2026-09-29 22:55:00,2026-09-30 19:55:00,India,Total emissions,0.3199999928474426,prediction
2026-09-29 22:55:00,2026-09-30 20:55:00,India,Total emissions,98.62000274658203,prediction
2026-09-29 22:55:00,2026-09-30 21:55:00,India,Total emissions,0.3199999928474426,prediction
2026-09-29 22:55:00,2026-09-30 22:55:00,India,Total emissions,0.3199999928474426,prediction
2026-09-29 22:55:00,2026-09-29 23:55:00,India,Total emissions,0.3199999928474426,prediction
2026-09-29 22:55:00,2026-09-30 00:55:00,India,Total emissions,368.8699951171875,prediction
2026-09-29 22:55:00,2026-09-30 01:55:00,India,Total emissions,62.93000030517578,prediction
2026-09-29 22:55:00,2026-09-30 02:55:00,India,Total emissions,171.33999633789062,prediction
2026-09-29 22:55:00,2026-09-30 03:55:00,India,Total emissions,158.6300048828125,prediction
2026-09-29 22:55:00,2026-09-30 04:55:00,India,Total emissions,0.3199999928474426,prediction
2026-09-29 22:55:00,2026-09-30 05:55:00,India,Total emissions,123.5,prediction
2026-09-29 22:55:00,2026-09-30 06:55:00,India,Total emissions,0.3199999928474426,prediction
2026-09-29 22:55:00,2026-09-30 07:55:00,India,Total emissions,300.2699890136719,prediction
2026-09-29 22:55:00,2026-09-30 08:55:00,India,Total emissions,214.11000061035156,prediction
2026-09-29 22:55:00,2026-09-30 09:55:00,India,Total emissions,182.77999877929688,prediction
2026-09-29 22:55:00,2026-09-30 10:55:00,India,Total emissions,65.5199966430664,prediction
2026-09-29 22:55:00,2026-09-30 11:55:00,India,Total emissions,154.30999755859375,prediction
2026-09-29 22:55:00,2026-09-30 12:55:00,India,Total emissions,362.80999755859375,prediction
2026-09-29 22:55:00,2026-09-30 13:55:00,India,Total emissions,0.3199999928474426,prediction
2026-09-29 22:55:00,2026-09-30 14:55:00,India,Total emissions,94.51000213623047,prediction
2026-09-29 22:55:00,2026-09-30 15:55:00,India,Total emissions,0.3199999928474426,prediction
2026-09-29 22:55:00,2026-09-30 16:55:00,India,Total emissions,595.3699951171875,prediction
2026-09-29 22:55:00,2026-09-30 17:55:00,India,Total emissions,0.3199999928474426,prediction
2026-09-29 22:55:00,2026-09-30 18:55:00,India,Total emissions,0.3199999928474426,prediction
2026-09-29 22:55:00,2026-09-30 19:55:00,India,Total emissions,0.3199999928474426,prediction
2026-09-29 22:55:00,2026-09-30 20:55:00,India,Total emissions,98.62000274658203,prediction
2026-09-29 22:55:00,2026-09-30 21:55:00,India,Total emissions,0.3199999928474426,prediction
2026-09-29 22:55:00,2026-09-30 22:55:00,India,Total emissions,0.3199999928474426,prediction
2026-09-29 22:56:00,2026-09-29 23:56:00,India,Total emissions,0.3199999928474426,prediction
2026-09-29 22:56:00,2026-09-30 00:56:00,India,Total emissions,368.8699951171875,prediction
2026-09-29 22:56:00,2026-09-30 01:56:00,India,Total emissions,62.93000030517578,prediction
2026-09-29 22:56:00,2026-09-30 02:56:00,India,Total emissions,171.33999633789062,prediction
2026-09-29 22:56:00,2026-09-30 03:56:00,India,Total emissions,158.6300048828125,prediction
2026-09-29 22:56:00,2026-09-30 04:56:00,India,Total emissions,0.3199999928474426,prediction
2026-09-29 22:56:00,2026-09-30 05:56:00,India,Total emissions,123.5,prediction
2026-09-29 22:56:00,2026-09-30 06:56:00,India,Total emissions,0.3199999928474426,prediction
2026-09-29 22:56:00,2026-09-30 07:56:00,India,Total emissions,300.2699890136719,prediction
2026-09-29 22:56:00,2026-09-30 08:56:00,India,Total emissions,214.11000061035156,prediction
2026-09-29 22:56:00,2026-09-30 09:56:00,India,Total emissions,182.77999877929688,prediction
2026-09-29 22:56:00,2026-09-30 10:56:00,India,Total emissions,65.5199966430664,prediction
2026-09-29 22:56:00,2026-09-30 11:56:00,India,Total emissions,154.30999755859375,prediction
2026-09-29 22:56:00,2026-09-30 12:56:00,India,Total emissions,362.80999755859375,prediction
2026-09-29 22:56:00,2026-09-30 13:56:00,India,Total emissions,0.3199999928474426,prediction
2026-09-29 22:56:00,2026-09-30 14:56:00,India,Total emissions,94.51000213623047,prediction
2026-09-29 22:56:00,2026-09-30 15:56:00,India,Total emissions,0.3199999928474426,prediction
2026-09-29 22:56:00,2026-09-30 16:56:00,India,Total emissions,595.3699951171875,prediction
2026-09-29 22:56:00,2026-09-30 17:56:00,India,Total emissions,0.3199999928474426,prediction
2026-09-29 22:56:00,2026-09-30 18:56:00,India,Total emissions,0.3199999928474426,prediction
2026-09-29 22:56:00,2026-09-30 19:56:00,India,Total emissions,0.3199999928474426,prediction
2026-09-29 22:56:00,2026-09-30 20:56:00,India,Total emissions,98.62000274658203,prediction
2026-09-29 22:56:00,2026-09-30 21:56:00,India,Total emissions,0.3199999928474426,prediction
2026-09-29 22:56:00,2026-09-30 22:56:00,India,Total emissions,0.3199999928474426,prediction
2026-09-29 22:56:00,2026-09-29 23:56:00,India,Total emissions,0.3199999928474426,prediction
2026-09-29 22:56:00,2026-09-30 00:56:00,India,Total emissions,368.8699951171875,prediction
2026-09-29 22:56:00,2026-09-30 01:56:00,India,Total emissions,62.93000030517578,prediction
2026-09-29 22:56:00,2026-09-30 02:56:00,India,Total emissions,171.33999633789062,prediction
2026-09-29 22:56:00,2026-09-30 03:56:00,India,Total emissions,158.6300048828125,prediction
2026-09-29 22:56:00,2026-09-30 04:56:00,India,Total emissions,0.3199999928474426,prediction
2026-09-29 22:56:00,2026-09-30 05:56:00,India,Total emissions,123.5,prediction
2026-09-29 22:56:00,2026-09-30 06:56:00,India,Total emissions,0.3199999928474426,prediction
2026-09-29 22:56:00,2026-09-30 07:56:00,India,Total emissions,300.2699890136719,prediction
2026-09-29 22:56:00,2026-09-30 08:56:00,India,Total emissions,214.11000061035156,prediction
2026-09-29 22:56:00,2026-09-30 09:56:00,India,Total emissions,182.77999877929688,prediction
2026-09-29 22:56:00,2026-09-30 10:56:00,India,Total emissions,65.5199966430664,prediction
2026-09-29 22:56:00,2026-09-30 11:56:00,India,Total emissions,154.30999755859375,prediction
2026-09-29 22:56:00,2026-09-30 12:56:00,India,Total emissions,362.80999755859375,prediction
2026-09-29 22:56:00,2026-09-30 13:56:00,India,Total emissions,0.3199999928474426,prediction
2026-09-29 22:56:00,2026-09-30 14:56:00,India,Total emissions,94.51000213623047,prediction
2026-09-29 22:56:00,2026-09-30 15:56:00,India,Total emissions,0.3199999928474426,prediction
2026-09-29 22:56:00,2026-09-30 16:56:00,India,Total emissions,595.3699951171875,prediction
2026-09-29 22:56:00,2026-09-30 17:56:00,India,Total emissions,0.3199999928474426,prediction
2026-09-29 22:56:00,2026-09-30 18:56:00,India,Total emissions,0.3199999928474426,prediction
2026-09-29 22:56:00,2026-09-30 19:56:00,India,Total emissions,0.3199999928474426,prediction
2026-09-29 22:56:00,2026-09-30 20:56:00,India,Total emissions,98.62000274658203,prediction
2026-09-29 22:56:00,2026-09-30 21:56:00,India,Total emissions,0.3199999928474426,prediction
2026-09-29 22:56:00,2026-09-30 22:56:00,India,Total emissions,0.3199999928474426,prediction
2026-09-29 23:07:00,2026-09-30 00:07:00,India,Total emissions,0.3199999928474426,prediction
2026-09-29 23:07:00,2026-09-30 01:07:00,India,Total emissions,368.8699951171875,prediction
2026-09-29 23:07:00,2026-09-30 02:07:00,India,Total emissions,62.93000030517578,prediction
2026-09-29 23:07:00,2026-09-30 03:07:00,India,Total emissions,171.33999633789062,prediction
2026-09-29 23:07:00,2026-09-30 04:07:00,India,Total emissions,158.6300048828125,prediction
2026-09-29 23:07:00,2026-09-30 05:07:00,India,Total emissions,0.3199999928474426,prediction
2026-09-29 23:07:00,2026-09-30 06:07:00,India,Total emissions,123.5,prediction
2026-09-29 23:07:00,2026-09-30 07:07:00,India,Total emissions,0.3199999928474426,prediction
2026-09-29 23:07:00,2026-09-30 08:07:00,India,Total emissions,300.2699890136719,prediction
2026-09-29 23:07:00,2026-09-30 09:07:00,India,Total emissions,214.11000061035156,prediction
2026-09-29 23:07:00,2026-09-30 10:07:00,India,Total emissions,182.77999877929688,prediction
2026-09-29 23:07:00,2026-09-30 11:07:00,India,Total emissions,65.5199966430664,prediction
2026-09-29 23:07:00,2026-09-30 12:07:00,India,Total emissions,154.30999755859375,prediction
2026-09-29 23:07:00,2026-09-30 13:07:00,India,Total emissions,362.80999755859375,prediction
2026-09-29 23:07:00,2026-09-30 14:07:00,India,Total emissions,0.3199999928474426,prediction
2026-09-29 23:07:00,2026-09-30 15:07:00,India,Total emissions,94.51000213623047,prediction
2026-09-29 23:07:00,2026-09-30 16:07:00,India,Total emissions,0.3199999928474426,prediction
2026-09-29 23:07:00,2026-09-30 17:07:00,India,Total emissions,595.3699951171875,prediction
2026-09-29 23:07:00,2026-09-30 18:07:00,India,Total emissions,0.3199999928474426,prediction
2026-09-29 23:07:00,2026-09-30 19:07:00,India,Total emissions,0.3199999928474426,prediction
2026-09-29 23:07:00,2026-09-30 20:07:00,India,Total emissions,0.3199999928474426,prediction
2026-09-29 23:07:00,2026-09-30 21:07:00,India,Total emissions,98.62000274658203,prediction
2026-09-29 23:07:00,2026-09-30 22:07:00,India,Total emissions,0.3199999928474426,prediction
2026-09-29 23:07:00,2026-09-30 23:07:00,India,Total emissions,0.3199999928474426,prediction
2026-09-29 23:09:00,2026-09-30 00:09:00,India,Total emissions,0.3199999928474426,prediction
2026-09-29 23:09:00,2026-09-30 01:09:00,India,Total emissions,368.8699951171875,prediction
2026-09-29 23:09:00,2026-09-30 02:09:00,India,Total emissions,62.93000030517578,prediction
2026-09-29 23:09:00,2026-09-30 03:09:00,India,Total emissions,171.33999633789062,prediction
2026-09-29 23:09:00,2026-09-30 04:09:00,India,Total emissions,158.6300048828125,prediction
2026-09-29 23:09:00,2026-09-30 05:09:00,India,Total emissions,0.3199999928474426,prediction
2026-09-29 23:09:00,2026-09-30 06:09:00,India,Total emissions,123.5,prediction
2026-09-29 23:09:00,2026-09-30 07:09:00,India,Total emissions,0.3199999928474426,prediction
2026-09-29 23:09:00,2026-09-30 08:09:00,India,Total emissions,300.2699890136719,prediction
2026-09-29 23:09:00,2026-09-30 09:09:00,India,Total emissions,214.11000061035156,prediction
2026-09-29 23:09:00,2026-09-30 10:09:00,India,Total emissions,182.77999877929688,prediction
2026-09-29 23:09:00,2026-09-30 11:09:00,India,Total emissions,65.5199966430664,prediction
2026-09-29 23:09:00,2026-09-30 12:09:00,India,Total emissions,154.30999755859375,prediction
2026-09-29 23:09:00,2026-09-30 13:09:00,India,Total emissions,362.80999755859375,prediction
2026-09-29 23:09:00,2026-09-30 14:09:00,India,Total emissions,0.3199999928474426,prediction
2026-09-29 23:09:00,2026-09-30 15:09:00,India,Total emissions,94.51000213623047,prediction
2026-09-29 23:09:00,2026-09-30 16:09:00,India,Total emissions,0.3199999928474426,prediction
2026-09-29 23:09:00,2026-09-30 17:09:00,India,Total emissions,595.3699951171875,prediction
2026-09-29 23:09:00,2026-09-30 18:09:00,India,Total emissions,0.3199999928474426,prediction
2026-09-29 23:09:00,2026-09-30 19:09:00,India,Total emissions,0.3199999928474426,prediction
2026-09-29 23:09:00,2026-09-30 20:09:00,India,Total emissions,0.3199999928474426,prediction
2026-09-29 23:09:00,2026-09-30 21:09:00,India,Total emissions,98.62000274658203,prediction
2026-09-29 23:09:00,2026-09-30 22:09:00,India,Total emissions,0.3199999928474426,prediction
2026-09-29 23:09:00,2026-09-30 23:09:00,India,Total emissions,0.3199999928474426,prediction
2026-09-29 23:10:00,2026-09-30 00:10:00,India,Total emissions,0.3199999928474426,prediction
2026-09-29 23:10:00,2026-09-30 01:10:00,India,Total emissions,368.8699951171875,prediction
2026-09-29 23:10:00,2026-09-30 02:10:00,India,Total emissions,62.93000030517578,prediction
2026-09-29 23:10:00,2026-09-30 03:10:00,India,Total emissions,171.33999633789062,prediction
2026-09-29 23:10:00,2026-09-30 04:10:00,India,Total emissions,158.6300048828125,prediction
2026-09-29 23:10:00,2026-09-30 05:10:00,India,Total emissions,0.3199999928474426,prediction
2026-09-29 23:10:00,2026-09-30 06:10:00,India,Total emissions,123.5,prediction
2026-09-29 23:10:00,2026-09-30 07:10:00,India,Total emissions,0.3199999928474426,prediction
2026-09-29 23:10:00,2026-09-30 08:10:00,India,Total emissions,300.2699890136719,prediction
2026-09-29 23:10:00,2026-09-30 09:10:00,India,Total emissions,214.11000061035156,prediction
2026-09-29 23:10:00,2026-09-30 10:10:00,India,Total emissions,182.77999877929688,prediction
2026-09-29 23:10:00,2026-09-30 11:10:00,India,Total emissions,65.5199966430664,prediction
2026-09-29 23:10:00,2026-09-30 12:10:00,India,Total emissions,154.30999755859375,prediction
2026-09-29 23:10:00,2026-09-30 13:10:00,India,Total emissions,362.80999755859375,prediction
2026-09-29 23:10:00,2026-09-30 14:10:00,India,Total emissions,0.3199999928474426,prediction
2026-09-29 23:10:00,2026-09-30 15:10:00,India,Total emissions,94.51000213623047,prediction
2026-09-29 23:10:00,2026-09-30 16:10:00,India,Total emissions,0.3199999928474426,prediction
2026-09-29 23:10:00,2026-09-30 17:10:00,India,Total emissions,595.3699951171875,prediction
2026-09-29 23:10:00,2026-09-30 18:10:00,India,Total emissions,0.3199999928474426,prediction
2026-09-29 23:10:00,2026-09-30 19:10:00,India,Total emissions,0.3199999928474426,prediction
2026-09-29 23:10:00,2026-09-30 20:10:00,India,Total emissions,0.3199999928474426,prediction
2026-09-29 23:10:00,2026-09-30 21:10:00,India,Total emissions,98.62000274658203,prediction
2026-09-29 23:10:00,2026-09-30 22:10:00,India,Total emissions,0.3199999928474426,prediction
2026-09-29 23:10:00,2026-09-30 23:10:00,India,Total emissions,0.3199999928474426,prediction
